id,SchleicherMoldovan2020.NT1-VE822,DeWeirdtDoench2020_secondary.pDNA_pDNA-Control_S63845,VermaGreenberg2021.CAPAN1_T7_UT-CAPAN1_T7_OLA,BenslimaneHarrington2020_jurkat.DMSO_D12-Resveratrol_D12,SuChen2020.HEK293A_WT_DMSO_1-HEK293A_WT_Camp_1,VermaGreenberg2021.SUM149PT_T7_UT-SUM149PT_T7_OLA,SuChen2020.HCT116_WT_T0_2-HCT116_WT_Olap_2,SuChen2020.HEK293A_WT_DMSO_1-HEK293A_WT_MitoC_1,WeegenLuijsterburg2021.wt_illudins-elof1_illudins,DeWeirdtDoench2020_secondary.pDNA_pDNA-MCL1KO_anchor_Dropout,SuChen2020.HEK293A_WT_DMSO_1-HEK293A_WT_HU_1,WeegenLuijsterburg2021.elof1_init-elof1_nt_both,SuChen2020.HEK293A_WT_T0_1-HEK293A_WT_Camp_1,SuChen2020.HCT116_WT_DMSO_2-HCT116_WT_Olap_2,SuChen2020.HCT116_TP53ko_T0_2-HCT116_TP53ko_DMSO_2,DeWeirdtDoench2020_secondary.Control_Dropout-Control_S63845,SuChen2020.HEK293A_WT_T0_1-HEK293A_WT_CHK1i_1,GalloDurocher2022_TKOv2.WT_T18-CCNE1_T18,DeWeirdtDoench2020_secondary.Control_Dropout-MCL1KO_anchor_Dropout,GalloDurocher2022_TKOv2.WT_T0-WT_T18
HSCB,0.66177,,,0.59166,,,,,0.013959,,,0.99999,,,,,,0.76062,,1.0
RPL8,,,,0.8054,0.81597,,0.99984,0.57772,0.036304,,0.0083433,1.0,0.99999,0.22042,1.0,,1.0,0.55479,,1.0
PSMA5,0.16454,0.77058,,0.536,,,,,0.096742,0.95603,,1.0,,,,0.30653,,0.95315,0.76081,1.0
TUBB,,1.0,,0.58602,,,,,0.0055259,1.0,,0.99998,,,,0.8233,,0.95401,0.82952,1.0
FARSA,0.89003,,,0.32698,,,,,0.73893,,,0.19274,,,,,,0.42168,,1.0
ATP2A2,,,,0.0083137,,,,,0.10303,,,1.0,,,,,,0.91901,,1.0
POLR2E,0.2021,,,0.26105,0.83893,,0.98135,0.8707,0.0018652,,0.00084872,1.0,0.99621,0.79549,0.99878,,0.99988,0.62836,,1.0
PCNA,,,0.4921,0.63931,0.98964,0.043764,0.99995,0.67476,0.08033,,0.0059907,1.0,0.99987,0.99903,1.0,,0.99983,0.88795,,0.99999
RTCB,0.38296,,,0.14639,,,,,0.058549,,,1.0,,,,,,,,1.0
NARS1,0.045242,0.99986,,0.90082,,,,,0.017234,0.9997,,1.0,,,,0.78519,,0.70165,0.053283,1.0
SMC2,0.7395,,,0.28131,,,,,0.51348,,,0.76481,,,,,,,,1.0
RCC1,0.032879,,,0.47239,0.32903,,0.8975,0.49817,0.00042646,,0.005266,1.0,0.35469,0.38636,0.76904,,0.96071,0.69246,,1.0
CDC16,0.39516,,,0.96694,0.54138,,0.81263,0.76748,0.001332,,0.26101,0.99999,0.93527,0.39502,0.99747,,0.99002,0.99518,,0.99994
SPOUT1,0.59923,,,0.85009,,,,,0.0049483,,,1.0,,,,,,0.43122,,1.0
TCP1,0.56354,,,0.84301,,,,,0.44686,,,0.9998,,,,,,0.15706,,1.0
NUP205,0.06583,,,0.61389,,,,,0.83506,,,0.99998,,,,,,0.0088351,,0.99999
PSMA7,0.81994,,,0.58689,0.6219,,0.99905,0.86667,0.55093,,0.0020101,0.99986,0.99998,0.23165,0.99971,,0.99999,0.014982,,1.0
NCBP1,0.84331,,,0.66608,,,,,0.52482,,,0.99998,,,,,,0.92351,,1.0
DHX15,0.63846,,,0.033167,0.86161,,0.999,0.16505,0.96444,,0.71073,1.0,0.99549,0.36968,1.0,,0.99984,0.0042695,,1.0
VHL,0.86504,,,0.55044,,,,,0.81783,,,0.99999,,,,,,0.3083,,1.0
HSPA9,0.67724,,,0.0464,,,,,0.89969,,,1.0,,,,,,0.0071106,,1.0
RPL38,0.6961,0.94508,,0.87163,,,,,0.30874,0.96941,,1.0,,,,0.27296,,0.98764,0.006029,1.0
UBA2,0.9238,0.99935,,0.70748,,,,,0.35287,0.99988,,0.99994,,,,0.18882,,0.77396,0.03365,1.0
TBCA,0.46782,,,0.92245,,,,,0.13015,,,0.99895,,,,,,0.84021,,1.0
SEC61A1,0.14805,0.99438,,0.88809,,,,,0.28495,0.99799,,0.99971,,,,0.82325,,0.055982,0.20106,0.99999
ARFRP1,0.89754,0.99978,,0.078925,,,,,0.56468,0.99762,,0.98871,,,,0.4242,,0.0012362,0.10079,1.0
XRCC3,0.12279,0.9355,,0.92226,0.99649,,0.8223,0.9744,0.021189,0.86396,0.67654,0.91908,0.98093,0.86793,0.25333,0.016164,0.91301,0.87032,0.57453,0.99994
SUPT16H,0.1284,0.80231,,0.74296,,,,,0.28097,0.94487,,1.0,,,,0.81909,,0.97626,0.27416,0.99995
GPI,0.88167,0.99866,,0.015495,,,,,0.99827,0.98893,,1.0,,,,0.94625,,1.0,0.042103,0.99985
PDPK1,0.3702,0.99908,,0.15698,,,,,0.13302,0.99909,,0.99999,,,,0.47444,,0.38751,0.70212,0.99999
SBDS,0.68702,,,0.43486,,,,,0.12529,,,0.99999,,,,,,0.93363,,1.0
NUTF2,0.06583,,,0.20799,,,,,0.00042372,,,0.99999,,,,,,0.87577,,0.99957
NDOR1,0.16908,,,0.20601,,,,,2.7425e-07,,,0.99976,,,,,,0.21341,,1.0
RPS3,0.48927,,,0.1962,,,,,0.010448,,,0.99999,,,,,,0.99896,,0.99999
PSMB7,0.79661,,,0.46396,,,,,,,,1.0,,,,,,,,1.0
CHORDC1,0.98953,,,0.38839,,,,,0.0070244,,,1.0,,,,,,0.96619,,0.99998
RAC1,0.41115,,,0.20404,,,,,0.0082448,,,0.99998,,,,,,0.36514,,0.99999
RPL36,,,,0.014891,,,,,0.1068,,,1.0,,,,,,0.99883,,0.9998
MTOR,0.7769,,,0.30704,,,,,0.0044206,,,1.0,,,,,,0.16948,,0.99999
SRBD1,0.046412,,,0.27785,,,,,1.3713e-06,,,0.99998,,,,,,0.050914,,0.99996
TTC27,0.16792,,,0.81826,,,,,0.018839,,,0.99999,,,,,,0.88273,,1.0
RPL18,,1.0,,0.6134,,,,,0.027483,1.0,,1.0,,,,0.067756,,0.96755,0.03681,0.99996
CCT5,0.12529,0.99877,,0.21982,,,,,0.17217,0.98429,,1.0,,,,0.24317,,0.91312,0.022232,0.99999
NUP214,0.62436,,,0.051473,,,,,0.35565,,,0.99911,,,,,,0.17175,,0.99986
THOC2,0.41105,,,0.73804,,,,,0.49437,,,0.99998,,,,,,0.07331,,1.0
ALDOA,0.037441,,,0.3047,,,,,0.098357,,,1.0,,,,,,0.030687,,1.0
CDC45,0.60696,,,0.043966,,,,,0.012474,,,0.99999,,,,,,0.57162,,1.0
CCT8,0.89081,,,0.10315,,,,,0.55515,,,0.99999,,,,,,0.46244,,0.99999
CTC1,0.5015,,,0.1325,,,,,0.00042043,,,0.99998,,,,,,0.92249,,0.99999
UTP15,0.02977,,,0.6886,,,,,0.02185,,,1.0,,,,,,0.046592,,0.99998
TRAPPC8,0.86676,,,0.45377,,,,,0.17138,,,0.44837,,,,,,0.03929,,0.99989
PSMD6,0.76811,,,0.58251,,,,,0.059476,,,0.99986,,,,,,0.15208,,0.90866
POP7,0.14897,,,0.85043,,,,,0.0018822,,,0.99991,,,,,,0.93421,,0.17248
RPL3,0.5397,,,0.85307,,,,,0.13278,,,1.0,,,,,,0.18284,,1.0
PSMG3,0.95791,,,0.13937,0.66639,,1.0,0.46042,0.15676,,0.030172,0.99998,0.99545,0.94449,1.0,,1.0,0.54035,,1.0
PSMA6,,,,0.6309,,,,,0.031324,,,1.0,,,,,,0.97602,,0.99974
DBR1,0.82341,1.0,,0.0037969,,,,,0.018901,0.99999,,1.0,,,,0.77643,,0.05664,0.99148,1.0
TEN1,0.54494,,,0.22969,,,,,0.063936,,,0.99995,,,,,,0.84134,,0.99999
SRP54,0.50007,,,0.53951,,,,,0.070135,,,0.49907,,,,,,0.47769,,0.99998
EIF2B3,0.81145,0.99998,,0.24139,,,,,0.24924,1.0,,0.99992,,,,0.10871,,0.12626,0.012569,0.99995
GINS2,0.64303,,,0.67644,,,,,0.41825,,,0.97915,,,,,,0.85058,,0.99277
SYMPK,0.84046,,,0.036019,,,,,0.056866,,,1.0,,,,,,0.42783,,0.99921
LSM7,,0.99997,,0.6378,,,,,0.026214,0.99997,,1.0,,,,0.34408,,0.6565,0.40661,0.99972
RNGTT,0.078677,,,0.86242,,,,,0.12845,,,1.0,,,,,,0.64809,,0.99999
HUWE1,0.14636,0.99559,,0.97639,,,,,0.69971,0.9123,,1.0,,,,0.224,,0.99995,0.18655,0.99495
DPH3,0.20601,0.96602,,0.39154,,,,,0.15074,0.83963,,0.95136,,,,0.1667,,0.73863,0.97675,0.98021
TRAIP,0.30958,,,0.17687,,,,,0.0004857,,,0.99998,,,,,,0.98832,,0.99998
GTF2H4,0.95452,,,0.18966,0.16166,,0.84862,0.98706,0.00059595,,0.07371,0.99999,0.60529,0.87206,0.34944,,0.99989,0.12618,,0.99997
GNL3,0.040456,,,0.83195,,,,,0.010505,,,1.0,,,,,,0.70564,,1.0
NCAPH2,0.90333,0.67988,,0.035741,,,,,0.0040784,0.72756,,0.99994,,,,0.83469,,0.94352,0.27578,1.0
CDC7,0.82095,0.97578,,0.98952,,,,,0.92749,0.9997,,0.99999,,,,0.53868,,0.20316,0.8363,0.99992
CCT2,0.5838,,,0.4482,0.88213,,0.99997,0.61984,0.26107,,0.059118,1.0,0.99996,0.58959,1.0,,1.0,0.39111,,0.99999
EIF6,0.068708,1.0,,0.13957,0.17677,,0.87295,0.99804,0.13069,1.0,0.010656,0.41543,0.52978,0.69813,0.93378,0.57049,0.8876,0.88635,0.1113,0.99998
NOC4L,0.8128,,,0.83739,,,,,0.082217,,,0.99999,,,,,,0.89854,,1.0
HEATR1,0.35073,,,0.36948,,,,,0.28594,,,1.0,,,,,,0.5367,,1.0
CCT4,0.2497,,,0.40848,,,,,0.55743,,,0.99999,,,,,,0.89097,,0.99996
SEH1L,0.023163,,,0.45534,,,,,0.42348,,,0.38272,,,,,,0.37188,,1.0
CIAO1,0.13167,0.99188,,0.14069,,,,,0.072298,0.99798,,0.99992,,,,0.019034,,0.081368,0.066846,0.99999
ERH,0.57999,0.59676,,0.064986,,,,,0.0015734,0.46141,,0.99934,,,,0.18308,,0.51663,0.57402,1.0
CHEK1,0.036664,0.8989,,0.9955,0.97686,,0.72,0.94292,0.22441,0.91591,0.99497,0.74333,0.9056,0.73781,0.29313,0.20676,0.99645,0.0054076,0.0083052,0.99994
SPATA5L1,0.00016093,,,0.049495,,,,,0.00443,,,0.69863,,,,,,0.56686,,0.99996
PES1,0.8641,,,0.54129,,,,,0.068641,,,1.0,,,,,,0.9023,,1.0
PSMB4,0.34872,,,0.65238,,,,,0.11763,,,0.99999,,,,,,0.68769,,1.0
ILF2,0.49874,,,0.45682,,,,,0.2875,,,0.99996,,,,,,0.93935,,0.99997
POLR3H,0.32935,0.99993,,0.16194,,,,,0.0033944,0.9993,,1.0,,,,0.89148,,0.99427,0.29213,1.0
PFN1,0.035329,,,0.20657,,,,,0.516,,,0.99998,,,,,,0.035686,,0.99954
TXNL4B,0.15,0.52024,,0.29435,,,,,0.00015111,0.1768,,0.99942,,,,0.83552,,0.28851,0.77365,0.99999
RPS11,0.10531,,,0.86505,,,,,0.39874,,,0.99999,,,,,,,,1.0
GPN3,0.49653,,,0.74626,,,,,0.0498,,,1.0,,,,,,0.139,,1.0
TSR1,0.87424,,,0.13172,,,,,0.039588,,,0.99995,,,,,,0.17313,,1.0
NCKAP1,0.3458,0.9956,,0.31472,,,,,0.48932,0.92207,,0.99998,,,,0.91224,,0.031612,0.23289,0.99857
VPS28,0.85265,0.86963,,0.54705,,,,,0.17057,0.99349,,0.99999,,,,0.022957,,0.18858,0.092874,0.99997
NUP93,0.50544,,,0.072432,,,,,0.93099,,,1.0,,,,,,0.032828,,0.99999
SRRM1,0.68526,,,0.30216,,,,,0.15377,,,0.96876,,,,,,0.55817,,0.99998
SARS1,0.18894,,,0.59969,,,,,0.054796,,,1.0,,,,,,0.033491,,0.99967
LARS1,0.0015228,0.99998,,0.92607,,,,,0.15524,0.99996,,0.99999,,,,0.36981,,0.012495,0.3525,1.0
RAD51C,0.68293,,,0.79722,0.82881,,0.9969,0.69206,0.056407,,0.21501,0.98395,0.95733,0.82818,0.99549,,0.90424,0.99849,,0.99996
NEDD1,0.023501,,,0.032373,,,,,0.20662,,,0.99999,,,,,,0.0088666,,0.99999
LRR1,0.72883,,,0.056154,,,,,0.012691,,,1.0,,,,,,0.77267,,1.0
UTP4,0.34726,,,0.061107,,,,,0.18052,,,1.0,,,,,,0.95309,,0.99999
WDR33,0.47216,,,0.035592,,,,,0.027185,,,1.0,,,,,,0.65883,,1.0
POP4,0.36178,,,0.74517,,,,,0.002774,,,0.65813,,,,,,0.39908,,0.99999
SHQ1,0.6581,0.99446,,0.7078,,,,,0.022132,0.99647,,0.99998,,,,0.23406,,0.70671,0.011986,1.0
HGS,0.11327,,,0.60626,,,,,0.70218,,,0.99998,,,,,,0.03533,,0.99998
MAGOH,0.23004,,,0.022259,,,,,0.01023,,,0.9999,,,,,,0.62233,,0.99916
GRPEL1,0.3388,,,0.054765,,,,,0.62088,,,0.99998,,,,,,0.7022,,1.0
ELMO2,0.22744,,,0.57693,,,,,0.74294,,,0.99998,,,,,,0.3512,,0.99991
RUVBL2,,,,0.56307,,,,,0.012484,,,1.0,,,,,,0.16542,,0.99998
CTU1,0.01949,,,0.82559,,,,,0.047979,,,0.62369,,,,,,0.55117,,0.99998
RPSA,0.033498,,,0.90463,,,,,0.23684,,,1.0,,,,,,0.2633,,0.99995
RAE1,0.46478,,,0.54748,,,,,0.0040822,,,0.99998,,,,,,0.55942,,1.0
SRSF1,0.14276,1.0,,0.89582,,,,,0.38844,1.0,,0.99996,,,,0.72364,,0.90196,0.067818,0.99998
COPA,0.90206,0.99634,,0.18696,,,,,0.23248,0.99583,,1.0,,,,0.061972,,0.80415,0.038221,0.99992
SMC6,0.87862,,,0.99242,0.77128,,0.97921,0.81433,4.1138e-06,,0.66491,0.99858,0.57753,0.74535,0.99746,,0.65763,0.77148,,0.99976
GEMIN7,0.50587,,,0.43713,,,,,0.0011702,,,0.99999,,,,,,0.99523,,0.99999
CFAP20,0.378,,,0.69038,,,,,6.1158e-05,,,0.11024,,,,,,1.0,,0.96415
PWP2,0.83205,0.63972,,0.68675,,,,,0.0035738,0.75881,,0.965,,,,0.87368,,0.98768,0.75233,0.99999
NMD3,0.55403,,,0.2873,,,,,0.024533,,,0.99976,,,,,,0.71501,,0.99528
RIC8A,0.36788,,,0.44327,,,,,0.04617,,,0.99992,,,,,,0.24119,,0.99989
NAA10,0.072341,,,0.12873,,,,,0.0064797,,,1.0,,,,,,,,0.99999
CFAP298,0.23741,0.97257,,0.4761,,,,,0.093742,0.96804,,1.0,,,,0.89274,,0.20246,0.55944,0.99993
TIPARP,0.54232,0.94884,,0.66164,,,,,0.1964,0.84536,,0.999,,,,1.0,,0.092204,0.99015,0.99958
ANAPC4,0.24059,,,0.57322,,,,,0.0047388,,,0.99999,,,,,,0.99904,,1.0
MRTO4,0.13724,,,0.75894,,,,,2.7425e-07,,,0.99997,,,,,,0.5895,,0.9999
EIF3I,0.51625,0.97931,,0.9599,,,,,0.096817,0.84168,,1.0,,,,0.34736,,0.77724,0.0005612,0.9997
ETF1,0.17061,,,0.4377,,,,,0.62431,,,0.99992,,,,,,0.25664,,0.99995
RNMT,0.53625,0.98512,,0.24741,0.56048,,0.8717,0.59348,0.11086,0.91349,0.0015237,1.0,0.39147,0.49505,0.97327,0.28861,0.9482,0.2382,0.39634,0.99449
DDX10,0.14319,,,0.50831,,,,,0.010195,,,0.99998,,,,,,0.81165,,1.0
BUD31,,,,0.22512,0.96361,,0.84074,0.9975,0.14082,,0.020553,0.99999,0.98814,0.70425,0.73281,,0.99548,0.88898,,0.99998
ANAPC11,0.56179,0.85834,,0.96418,,,,,0.00052629,0.97396,,1.0,,,,0.28674,,0.69791,0.50519,0.99535
RPS8,,,,0.95022,,,,,0.021017,,,0.99987,,,,,,0.79419,,0.99995
DDOST,0.54077,,,0.78289,0.77787,,0.47883,0.29621,0.25978,,0.012254,0.99999,0.97955,0.38834,0.44158,,0.67149,0.30415,,0.99999
ROMO1,0.029366,,,0.31031,,,,,0.032122,,,0.99432,,,,,,0.66125,,0.99999
TOMM40,0.24961,,,0.1806,,,,,0.16424,,,0.99998,,,,,,0.98575,,0.99902
MOCS3,0.078354,,,0.65434,,,,,0.01573,,,0.99992,,,,,,0.24542,,0.99999
RPL11,,,,0.016709,,,,,0.019648,,,1.0,,,,,,0.70738,,0.99994
C1orf109,0.87661,,,0.69998,,,,,0.063738,,,0.76397,,,,,,0.98595,,0.99994
PRMT5,0.13099,,0.042838,0.55995,,0.79181,,,0.048659,,,0.99999,,,,,,0.16177,,0.9999
NOP16,0.1664,1.0,,0.068443,,,,,0.023143,1.0,,1.0,,,,0.78567,,0.88374,0.64254,0.99986
EIF2B5,0.26556,,,0.29564,,,,,0.00065957,,,1.0,,,,,,0.49926,,0.99996
RPL23,0.28201,1.0,,0.020782,,,,,0.6101,1.0,,0.99979,,,,0.57516,,0.80156,0.80194,0.99996
ACTR2,0.51963,,,0.47245,,,,,0.12528,,,1.0,,,,,,,,0.99999
TXNL4A,,,,0.086961,,,,,0.001541,,,1.0,,,,,,0.014418,,1.0
HYOU1,0.9757,,,0.46126,,,,,0.68779,,,0.99993,,,,,,0.003923,,0.99995
PLK4,0.48818,,,0.10026,,,,,0.019676,,,0.9924,,,,,,0.89111,,0.99978
SSRP1,0.075653,,,0.69837,,,,,0.14226,,,0.99999,,,,,,0.00099574,,0.99999
TAF2,0.58668,,,0.2629,,,,,0.024535,,,0.99944,,,,,,0.26463,,0.99987
PSMD4,0.87035,0.98753,,0.72387,,,,,0.21011,0.97076,,1.0,,,,0.71675,,0.57281,0.93877,1.0
PSMA3,0.2188,,,0.46324,,,,,0.080895,,,1.0,,,,,,0.25518,,0.99931
ARPC4,0.055221,,,0.18586,,,,,0.085614,,,0.99999,,,,,,0.17196,,0.99999
PHF5A,0.33488,1.0,,0.12993,,,,,0.048929,1.0,,0.99985,,,,0.030057,,0.85719,0.83486,1.0
TSEN54,0.79249,,,0.74602,,,,,0.38877,,,0.99998,,,,,,0.4733,,0.99991
NOL10,,,,0.34195,,,,,0.12431,,,1.0,,,,,,0.87883,,0.99971
WDR77,0.54737,,,0.077681,,,,,0.022246,,,0.99994,,,,,,0.19398,,1.0
DARS1,0.016591,,,0.22611,,,,,0.083815,,,0.99998,,,,,,0.70158,,0.99974
HAUS1,0.71059,,,0.84466,,,,,0.042878,,,0.99931,,,,,,0.55443,,0.99866
MCM3,0.2247,,,0.25764,,,,,0.057258,,,0.99991,,,,,,0.038047,,0.99999
FXN,0.17781,,,0.073719,,,,,0.001682,,,0.99996,,,,,,0.94117,,0.99978
INTS5,0.1725,,,0.90562,,,,,0.94448,,,1.0,,,,,,0.00013956,,0.99999
PSMB1,0.024007,,,0.015403,,,,,0.93839,,,1.0,,,,,,0.42179,,0.99894
PTPMT1,0.029421,0.99985,,0.1613,,,,,0.0011176,0.99995,,0.99989,,,,0.71556,,0.84738,0.026659,0.99998
MARS2,,1.0,,0.054172,,,,,0.0052829,1.0,,0.98698,,,,0.91576,,0.40427,0.97191,0.9998
CDC37,0.0013382,,,0.10371,,,,,0.08845,,,0.99998,,,,,,0.3289,,0.99892
RFC2,0.20274,,,0.18715,0.27759,,0.89819,0.9862,0.090157,,0.27928,0.99821,0.23904,0.82907,0.92479,,0.70831,0.94673,,0.99999
UVRAG,0.97712,,,0.85538,,,,,0.71164,,,0.97868,,,,,,0.38329,,0.99957
MYC,0.018273,,,9.0852e-05,0.66355,,0.99931,0.0010969,0.14361,,0.39167,0.99997,0.99997,4.9633e-06,1.0,,1.0,0.23536,,0.99987
CLP1,0.65223,,,0.63958,,,,,0.017789,,,0.9966,,,,,,0.25001,,0.98435
ELP6,0.23676,,,0.0050205,,,,,0.15322,,,0.99998,,,,,,0.40562,,0.9991
HNRNPU,,,,0.028788,,,,,0.0036171,,,0.93544,,,,,,0.9406,,0.99999
PSMD13,0.73264,,,0.59949,,,,,0.079659,,,0.99999,,,,,,0.0092844,,0.99471
RPF2,0.025416,1.0,,0.042112,,,,,0.0018866,1.0,,0.99999,,,,0.40586,,0.37971,0.82757,1.0
PSMA4,0.58198,0.98904,,0.32193,,,,,0.1482,0.99139,,1.0,,,,0.0043771,,0.54069,0.55164,0.94291
NAA20,0.99813,0.9636,,0.13702,,,,,0.14043,0.97951,,0.99928,,,,0.39429,,0.51643,0.28296,0.99985
RPS2,0.9175,,,0.73527,,,,,0.16436,,,0.99999,,,,,,0.8536,,1.0
EIF3F,0.39322,,,0.12556,,,,,0.2377,,,1.0,,,,,,0.0084813,,0.99999
ITGB5,0.52033,,,0.2895,,,,,0.80514,,,0.99998,,,,,,0.14689,,0.99985
LTO1,0.1284,,,0.44767,0.56511,,0.98603,0.83328,0.029579,,0.20472,0.99999,0.9982,0.72606,0.90537,,0.9099,0.5198,,1.0
DOLK,0.236,,,0.065455,,,,,5.9512e-05,,,0.99875,,,,,,0.91128,,1.0
NUP160,0.11764,,,0.88316,,,,,0.65705,,,0.99998,,,,,,0.5594,,0.99988
ATP6V0C,0.10249,0.98372,,0.032116,,,,,0.28596,0.99997,,0.99998,,,,0.055712,,0.0050981,0.00014108,1.0
PSMB3,0.85107,,,0.18932,,,,,0.84141,,,0.99999,,,,,,,,1.0
RRM1,0.68644,,,0.36723,0.45781,,0.92957,0.9878,0.12856,,0.75649,1.0,0.98836,0.27689,0.95255,,0.99997,0.70315,,0.99998
ORC5,0.19313,,,0.95341,,,,,0.00055207,,,0.99988,,,,,,0.82335,,0.97929
TSR2,0.15233,0.99881,,0.0473,,,,,0.0038069,0.99899,,1.0,,,,0.054966,,0.20911,0.0045304,0.94906
PNO1,0.56228,,,0.67534,,,,,0.00076105,,,0.98205,,,,,,0.79352,,0.99998
PPP1R11,0.65531,,,0.59678,,,,,0.0071906,,,0.99991,,,,,,0.68398,,0.99995
FERMT2,0.1638,,,0.98112,,,,,0.85876,,,0.98288,,,,,,0.16937,,0.99979
VCP,,0.99999,,0.96081,0.78929,,0.97692,0.71668,1.9472e-05,0.99999,0.034857,1.0,0.98312,0.62025,0.98772,0.21448,0.70607,,0.83717,0.99985
RUVBL1,0.10249,1.0,,0.040557,,,,,0.014105,1.0,,0.99999,,,,0.71965,,,0.036071,1.0
IARS1,0.2717,,,0.11895,,,,,0.040933,,,1.0,,,,,,0.93892,,1.0
SNU13,0.15209,,,0.08478,,,,,0.16554,,,1.0,,,,,,0.9649,,0.99997
NSF,0.31256,,,0.1483,,,,,0.048145,,,1.0,,,,,,0.8027,,0.99962
GNL2,0.33074,0.87204,,0.5002,,,,,0.09125,0.71754,,0.99998,,,,0.89046,,0.68692,0.28129,0.99972
CDC20,0.052795,0.99626,,0.82383,,,,,0.65167,0.97749,,0.99989,,,,0.9956,,0.96383,0.43326,0.99989
POLR2L,0.77978,,,0.45669,,,,,0.037861,,,1.0,,,,,,0.078563,,0.99996
RRM2,0.97858,,,0.93005,0.17972,,0.95467,0.94945,0.063438,,0.99994,0.98077,0.19375,0.043612,0.6957,,0.96946,0.60041,,0.99963
RPL13,0.6615,,,0.11655,,,,,0.08217,,,0.99956,,,,,,0.98144,,0.99994
TRIO,0.4187,,,0.34951,,,,,0.66348,,,0.99955,,,,,,0.95013,,0.98596
DDX6,0.89982,0.99448,,0.017442,,,,,0.47276,0.89716,,0.99989,,,,0.99426,,0.3966,0.27742,0.99996
ATXN7L3,0.46555,0.9787,,0.38483,,,,,0.006127,0.97257,,0.99856,,,,0.31546,,0.89668,0.43063,0.99986
RPL14,0.82768,,,0.24436,,,,,0.15294,,,1.0,,,,,,0.83246,,0.99986
LONP1,0.12788,,,0.005548,,,,,0.0089858,,,0.99999,,,,,,0.52586,,0.99998
CDC5L,0.23295,,,0.25393,0.99849,,0.99202,0.59373,0.19299,,0.13715,0.99997,0.99992,0.91507,0.9077,,0.99595,0.59511,,0.99962
MCM2,0.1638,,,0.20064,0.47928,,0.36617,0.81103,0.19601,,0.98412,0.99994,0.87792,0.67091,0.10989,,0.56489,0.086691,,0.99998
CENPK,0.25998,,,0.81309,,,,,0.2194,,,0.99952,,,,,,0.1723,,0.99993
MCM6,0.57494,,,0.01147,,,,,1.3713e-06,,,0.99999,,,,,,0.92934,,0.99995
MED20,,,,0.26455,,,,,0.096009,,,1.0,,,,,,0.6855,,0.99998
CYFIP1,0.14517,,,0.51726,,,,,0.11862,,,0.99998,,,,,,0.05164,,0.99981
SMU1,0.69894,1.0,,0.16215,,,,,0.50217,1.0,,1.0,,,,0.082814,,0.070753,0.37749,1.0
ALG2,,,,0.00086982,,,,,0.55946,,,1.0,,,,,,0.67547,,0.99979
HMGCR,0.019941,,,0.071446,,,,,0.0008329,,,0.99912,,,,,,0.82045,,0.99973
STIL,0.20345,,,0.38803,,,,,0.023493,,,0.99995,,,,,,0.7719,,0.99978
BUB1B,0.021828,0.99992,,0.10518,,,,,0.080026,0.99892,,1.0,,,,0.45444,,0.014711,0.097627,0.98771
SPC24,0.031393,,,0.45009,0.4003,,0.82726,0.086723,0.41295,,0.0047697,0.98785,0.99317,0.69927,0.21719,,0.98127,0.57784,,0.99998
SETD1A,0.60696,,0.91408,0.64155,,0.16821,,,0.13586,,,0.99992,,,,,,0.41634,,0.99622
NUBP1,0.17494,,,0.021598,,,,,0.014413,,,0.99999,,,,,,0.079015,,0.99999
CENATAC,0.81571,,,0.64638,,,,,0.14827,,,1.0,,,,,,0.41557,,0.99992
EIF3A,0.10395,0.99996,,0.1093,,,,,0.076065,0.99995,,1.0,,,,0.74787,,0.073629,0.77242,0.99989
CWC22,0.38549,0.93524,,0.94658,,,,,0.044638,0.93715,,0.99989,,,,0.89827,,0.92294,0.023975,0.96906
CDK4,0.33606,,,0.79434,0.15946,,0.89469,0.27235,0.11503,,0.42497,1.0,0.47525,0.31431,0.78349,,0.32249,8.2909e-07,,0.99998
SF1,0.030776,,,0.97288,,,,,0.38808,,,0.99997,,,,,,0.42733,,0.99946
PSMA1,0.64356,,,0.40809,,,,,0.011229,,,1.0,,,,,,0.32149,,1.0
TELO2,0.077551,,,0.48362,0.99512,,0.98346,0.97822,3.5653e-06,,0.27844,0.99989,0.99845,0.99859,0.24513,,0.99932,0.4428,,0.97805
CCT7,0.92269,,,0.98244,0.35813,,0.77164,0.2635,0.21533,,0.086753,0.99999,0.78294,0.18655,0.8966,,0.95203,0.55225,,0.42201
PRC1,0.6194,,,0.66304,,,,,0.0045079,,,0.99623,,,,,,0.92365,,0.98619
EIF3M,0.93149,,,0.96078,,,,,0.044451,,,0.99999,,,,,,0.6864,,0.99998
NAT10,0.021356,,0.89318,0.78331,,0.91919,,,0.0021241,,,0.99998,,,,,,0.12701,,0.99834
RBBP5,0.28853,0.95884,,0.097032,,,,,0.026726,0.90653,,0.99999,,,,0.37558,,0.10579,0.20017,1.0
UTP20,0.75823,,,0.9205,,,,,0.00033267,,,0.99171,,,,,,0.049277,,0.99988
PSMG4,0.0093272,,,0.12142,,,,,0.019974,,,0.23127,,,,,,0.89427,,0.99976
NOM1,0.22003,,,0.57972,,,,,0.31871,,,0.99989,,,,,,0.98553,,0.99945
CRNKL1,0.015576,0.99953,,0.060614,,,,,0.15172,0.98155,,0.99992,,,,0.12349,,0.20527,0.047332,0.9948
PDCD5,0.52665,,,0.83237,,,,,0.7578,,,0.99998,,,,,,0.00065526,,0.99995
MOB4,,,,0.53811,,,,,0.012259,,,0.99999,,,,,,0.9901,,0.99994
ESPL1,0.85371,,,0.83753,,,,,0.35911,,,0.99977,,,,,,0.0012796,,0.99999
ACTR3,0.0015909,,,0.04607,,,,,0.98645,,,0.99999,,,,,,0.004217,,1.0
RABGGTB,0.22376,1.0,,0.10691,0.30596,,0.9998,0.74358,0.34559,1.0,0.52959,1.0,0.94937,0.6027,1.0,0.8642,0.99897,0.062914,0.027179,1.0
KMT2A,0.48274,,0.62431,0.70128,,0.47517,,,0.00051861,,,0.99994,,,,,,0.1849,,0.9988
TRAPPC11,0.13694,0.99997,,0.002114,,,,,0.015175,0.99997,,1.0,,,,0.028447,,0.91819,0.0097975,0.99998
PPP1R12A,0.95574,,,0.12977,,,,,0.0016101,,,0.99984,,,,,,0.78308,,0.99999
USP5,0.89058,,,0.65038,,,,,0.0010589,,,0.99875,,,,,,0.87901,,0.99989
NOP14,0.2087,,,0.89718,,,,,0.0028256,,,0.99996,,,,,,0.57551,,0.99964
UPF1,0.78921,,,0.80958,,,,,0.10729,,,0.9997,,,,,,0.87538,,0.99996
RPS5,0.0024249,,,0.011754,0.19331,,0.99948,0.13318,0.13695,,0.0014145,1.0,1.0,0.59776,0.99998,,1.0,0.1793,,1.0
NSMCE3,0.23768,,,0.4806,0.86664,,0.31585,0.97946,0.0026923,,0.038967,0.99957,0.9679,0.2994,0.52955,,0.58425,0.37179,,0.98422
TIMM29,0.94864,,,0.058712,,,,,0.4103,,,0.99999,,,,,,0.92431,,0.99999
WDR73,0.9242,,,0.35444,,,,,2.7425e-07,,,0.44114,,,,,,0.80764,,1.0
TIMELESS,0.59424,,,0.77368,0.88952,,0.45171,0.43351,0.063919,,0.22146,0.99956,0.83529,0.2506,0.43011,,0.97783,0.52588,,1.0
UTP3,0.88204,,,0.040053,,,,,0.421,,,0.99997,,,,,,0.55904,,0.99997
PSMG2,0.99817,,,0.28328,,,,,0.00099032,,,0.63546,,,,,,0.68486,,1.0
TUBD1,0.011364,,,0.28379,,,,,0.14101,,,0.98384,,,,,,0.96448,,0.97109
CIAO2B,0.2985,0.99995,,0.059316,0.26325,,0.99992,0.9876,0.0079673,0.99998,0.55866,0.99999,0.96668,0.98725,0.99982,0.95228,0.98244,0.85244,0.82574,0.99991
NCAPG2,0.012988,,,0.93538,,,,,0.011056,,,0.99999,,,,,,0.011411,,0.99998
CHMP7,0.93478,0.87555,,0.19916,,,,,0.071263,0.80196,,0.99998,,,,0.11978,,0.05002,0.13201,0.99731
C3orf38,0.94837,,,0.068085,,,,,7.871e-05,,,0.99951,,,,,,0.001874,,0.99172
ELP1,0.30366,,,0.51272,,,,,0.0028964,,,0.99885,,,,,,0.84132,,0.99971
COPG1,0.62616,,,0.70952,,,,,0.11606,,,0.77108,,,,,,0.74922,,0.99913
POLR1C,0.95229,,,0.161,0.94479,,0.99046,0.52021,0.029435,,0.34672,0.99999,0.99907,0.84655,1.0,,0.9917,0.82689,,0.99978
ZNHIT3,0.028136,,,0.11089,,,,,0.041624,,,0.99997,,,,,,0.57253,,1.0
EEF1G,0.50354,,,0.75591,,,,,0.033519,,,1.0,,,,,,0.87414,,0.99368
SKA2,0.18669,0.9756,,0.4185,,,,,5.7593e-06,0.93835,,0.99474,,,,0.51548,,0.58814,0.17707,0.99973
NDC80,0.42843,,,0.61767,,,,,0.070655,,,0.99992,,,,,,0.1204,,0.99983
PSMC5,0.60655,,,0.047037,,,,,0.21085,,,0.99995,,,,,,0.022517,,0.99998
GTPBP4,0.021576,,,0.25055,,,,,0.010329,,,1.0,,,,,,0.66126,,0.99999
PCID2,0.015812,,,0.11357,,,,,0.14227,,,0.99957,,,,,,0.071276,,0.99997
PRPF38B,0.23924,,,0.63719,,,,,0.96294,,,0.99984,,,,,,0.86255,,1.0
PDCD7,0.35648,0.97382,,0.16804,,,,,0.060613,0.9943,,0.99998,,,,0.014385,,0.010036,0.96986,0.99994
YAE1,0.7956,,,0.57752,,,,,0.02436,,,0.99999,,,,,,0.70062,,0.99995
CPSF6,0.16546,,,0.56018,,,,,0.37489,,,0.99972,,,,,,0.43739,,0.99405
COPS5,0.6683,0.89661,,0.48142,,,,,0.004198,0.75509,,1.0,,,,0.14823,,0.99093,0.79888,0.99928
WDHD1,0.7558,0.88572,,0.040814,,,,,0.0070441,0.79377,,0.99994,,,,0.010299,,0.87571,0.53298,0.9997
METTL1,0.71116,,,0.26864,,,,,0.056936,,,0.99995,,,,,,0.71508,,0.99996
DYNC1H1,0.9205,,,0.58606,,,,,0.013355,,,0.4262,,,,,,0.90758,,0.99996
YEATS4,0.30587,,,0.90137,,,,,0.014785,,,0.99995,,,,,,0.28412,,0.99967
CENPN,0.49241,,,0.10414,,,,,0.20881,,,0.99996,,,,,,0.95536,,0.99853
MTG2,0.081197,0.69279,,0.030157,,,,,0.00097551,0.54143,,0.69457,,,,0.77637,,0.65185,0.53841,0.83007
RPP25L,0.69536,,,0.12316,,,,,0.36295,,,0.99997,,,,,,0.97902,,0.99993
RPTOR,0.0010558,,,0.82587,,,,,0.085388,,,0.99998,,,,,,0.71679,,0.99992
TICRR,0.90223,,,0.62532,,,,,0.85217,,,1.0,,,,,,0.54995,,0.99798
POLE2,0.69564,0.80299,,0.041624,0.86104,,0.87609,0.37572,0.16354,0.94204,0.43656,0.99998,0.99052,0.12401,0.99764,0.74245,0.9897,0.96682,0.032879,0.68429
EIF2S3,0.011188,1.0,,0.13957,,,,,0.039157,1.0,,1.0,,,,0.020024,,0.59654,0.010989,0.99957
ORC6,0.36299,,,0.34073,,,,,0.0010155,,,0.94765,,,,,,0.99454,,0.99988
NOL7,0.70866,,,0.0079064,,,,,0.21895,,,0.98502,,,,,,0.59589,,0.99994
HCFC1,0.57143,,,0.43526,,,,,0.030596,,,0.99991,,,,,,0.069359,,0.99732
HNRNPL,0.14595,0.99344,,0.30579,,,,,0.42267,0.97001,,0.99996,,,,0.99107,,0.92216,0.017466,0.92062
RPL28,0.00036581,,,0.35691,,,,,0.0010737,,,0.99846,,,,,,0.72588,,0.92855
GNB1L,0.6715,,,0.53111,,,,,0.0052034,,,0.99992,,,,,,0.030559,,0.99991
CLCC1,0.11105,,,0.6647,,,,,0.99289,,,0.99991,,,,,,0.0072626,,0.99941
INTS9,0.89507,,,0.207,,,,,0.027607,,,0.99999,,,,,,0.38782,,0.99988
BIRC5,0.54558,0.99794,,0.21706,,,,,0.0016913,0.97622,,0.99997,,,,0.14283,,0.014691,0.4956,0.99999
VPS35,0.93149,,,0.36091,,,,,0.01532,,,0.99905,,,,,,0.87385,,0.99883
ISCU,0.61935,,,0.052172,,,,,0.60256,,,0.99939,,,,,,,,0.99998
FDX2,0.70207,,,0.35663,,,,,0.038245,,,0.99995,,,,,,0.59831,,0.99932
METAP1,0.080287,0.96958,,0.51346,,,,,0.00016373,0.83028,,0.9961,,,,0.71819,,0.36174,0.045526,0.99986
RPL18A,0.53446,,,0.025945,,,,,0.30809,,,0.99988,,,,,,0.9013,,0.99999
BUD23,0.23709,0.95243,,0.028331,,,,,0.00070236,0.96571,,0.99997,,,,0.041543,,0.98945,0.11704,0.99962
EFL1,0.78652,0.9858,,0.28594,,,,,0.0027406,0.95905,,0.99996,,,,0.55693,,0.012481,0.093125,0.99968
IMP3,0.80973,,,0.045018,0.7786,,0.94198,0.74202,0.0080084,,0.027581,1.0,0.99932,0.29319,0.99992,,0.98342,0.79723,,1.0
CENPM,0.32203,,,0.66023,,,,,0.68213,,,0.99999,,,,,,0.20742,,0.99994
RPL12,,0.81536,,0.41862,,,,,0.16383,0.87736,,1.0,,,,0.25398,,,0.53701,0.99996
HSPA5,,,,0.069607,,,,,0.040593,,,1.0,,,,,,0.17426,,0.99998
XPO1,,,,0.93478,,,,,0.087695,,,0.99948,,,,,,0.88596,,0.99991
EXOSC7,0.60979,0.89609,,0.00099334,,,,,0.011024,0.59251,,0.99999,,,,0.46014,,0.026859,0.6739,0.99981
TIMM50,0.4821,,,0.15889,,,,,0.33365,,,0.37119,,,,,,0.82049,,0.99994
FAU,0.47035,,,0.80491,,,,,0.71051,,,0.99997,,,,,,0.84802,,0.99996
DPAGT1,0.61641,,,0.077551,0.90335,,0.99993,0.70574,0.0034531,,0.50669,0.99999,0.99888,0.74141,1.0,,0.99965,0.21096,,0.99983
ATP6V1A,0.0056306,,,0.42877,0.92378,,0.98993,0.58394,0.22478,,0.13255,0.9998,0.95135,0.68358,0.98419,,0.94083,0.95882,,0.99999
PHB2,0.0016481,,,0.43642,0.1493,,0.66038,0.4671,0.013925,,0.016602,0.99929,0.97718,0.44001,0.99591,,0.99995,0.84838,,1.0
SS18L2,0.6964,,,0.040025,,,,,0.12613,,,0.99998,,,,,,0.86087,,0.99901
TIMM10,0.0064959,,,0.25857,,,,,0.092159,,,0.99998,,,,,,0.52432,,1.0
SNAPC3,0.81308,,,0.50406,,,,,0.2312,,,0.99998,,,,,,0.018105,,0.98504
RPN2,0.95768,1.0,,0.62677,,,,,0.029336,0.99999,,0.99937,,,,0.77303,,0.64048,0.9083,0.99998
SF3B3,0.19874,1.0,,0.92798,0.30927,,0.99999,0.099231,0.18043,0.99996,0.00021342,1.0,0.99992,0.66962,1.0,0.93458,1.0,0.0021421,0.70994,0.99908
TLN1,0.2021,,,0.49135,,,,,0.69786,,,0.9997,,,,,,0.82722,,0.98284
ELOF1,0.025947,,,0.32084,,,,,2.7425e-07,,,0.32209,,,,,,3.4545e-05,,0.99827
HAUS5,0.022809,,,0.53005,,,,,0.02411,,,0.97729,,,,,,0.0039318,,0.99992
TBCD,0.23916,,,0.473,,,,,0.12008,,,0.99991,,,,,,0.32184,,0.99842
TSEN15,0.41886,,,0.22514,,,,,0.47799,,,0.86815,,,,,,0.2961,,0.82398
PAFAH1B1,0.1005,,,0.38545,,,,,0.043001,,,0.99999,,,,,,0.86221,,0.99999
CEBPZ,0.26034,,,0.12799,,,,,0.17216,,,0.99995,,,,,,0.53023,,0.99997
ELP3,0.68818,,0.15083,0.93861,,0.032633,,,0.00070949,,,1.0,,,,,,0.036725,,0.99998
YARS1,0.012527,1.0,,0.011858,,,,,0.70026,1.0,,1.0,,,,0.57694,,0.90959,0.544,1.0
PPIL2,0.25317,,,0.90446,,,,,0.021331,,,0.99995,,,,,,0.24091,,0.99455
RPA3,0.0053982,,0.54742,0.039064,0.73228,0.96111,0.85448,0.89261,0.93428,,0.45619,0.65848,0.73387,0.66527,0.22964,,0.69672,0.75161,,0.99994
INTS3,0.27316,0.99998,,0.054921,0.37952,,0.92918,0.94164,0.054002,0.99997,0.01548,1.0,0.99942,0.99752,0.98271,0.44552,0.99999,0.29272,0.34724,0.99999
CCND1,0.20257,,,0.14974,,,,,0.059173,,,1.0,,,,,,2.7636e-07,,1.0
EMC1,0.42575,,,0.39279,,,,,0.0032145,,,0.37196,,,,,,0.81699,,0.99821
WDR3,0.94861,,,0.95693,0.07498,,0.94972,0.31923,0.0087313,,0.16718,0.99998,0.84231,0.90893,0.96079,,0.99982,0.93819,,0.99991
KPNB1,,1.0,,0.15297,,,,,0.99245,1.0,,1.0,,,,0.36356,,0.48054,0.30027,0.99998
CCNA2,0.37031,1.0,,0.30122,,,,,0.14837,0.99985,,1.0,,,,0.84375,,0.95287,0.10226,0.99998
GINS3,0.97685,,,0.24535,,,,,0.66661,,,0.99998,,,,,,0.94469,,0.99992
GLE1,0.020943,,,0.85635,,,,,0.44112,,,0.99996,,,,,,0.40466,,0.99808
COPB2,0.10275,0.99998,,0.8716,,,,,0.010719,0.99914,,1.0,,,,0.28244,,0.3592,0.08466,0.99998
POLR2C,0.43661,,,0.028162,,,,,0.086067,,,0.99999,,,,,,0.99856,,0.99999
LPAR1,0.91964,,,0.43154,,,,,0.70509,,,0.96889,,,,,,0.77382,,0.98314
POP5,0.14173,,,0.0039522,,,,,0.058887,,,0.99999,,,,,,0.13711,,0.99998
CSNK2B,0.94056,,,0.6466,,,,,0.059373,,,0.99997,,,,,,0.056581,,0.99892
TBCC,0.99685,,,0.91537,,,,,0.40576,,,0.99999,,,,,,0.48586,,0.99994
WDR18,0.12355,1.0,,0.87145,,,,,0.011469,1.0,,0.99999,,,,0.078904,,0.98711,0.86231,0.99998
BUB3,,1.0,,0.022442,,,,,0.99419,1.0,,1.0,,,,0.56911,,0.45216,0.0050571,0.99996
PSMA2,0.91895,,,0.027603,,,,,0.081865,,,0.99998,,,,,,0.38048,,0.99988
RPS13,0.12786,0.83496,,0.58578,,,,,0.049616,0.77939,,0.99996,,,,0.33902,,0.94455,0.18827,0.99997
KIF11,,1.0,,0.093273,0.29477,,0.90759,0.76066,0.59761,0.99998,3.4743e-05,0.99999,0.49608,0.66532,0.99462,0.029036,0.99608,0.21228,0.11523,0.99998
TRMT112,0.27607,,,0.068119,,,,,0.41343,,,0.99998,,,,,,0.54162,,0.99961
CPSF2,0.0052219,,,0.40298,,,,,0.0080934,,,0.99999,,,,,,0.12761,,0.99995
SLC35A2,0.78347,,,0.48128,,,,,0.040989,,,0.66196,,,,,,0.47659,,0.99835
RANBP1,0.017929,,,0.0099133,,,,,0.16153,,,0.99944,,,,,,0.021631,,0.99998
PDCD11,0.90979,,,0.58268,,,,,0.029096,,,0.99999,,,,,,0.57418,,0.99952
ABCE1,0.55665,,,0.0062375,,,,,0.30484,,,0.99998,,,,,,0.75822,,0.99138
RCL1,0.52832,,,0.58287,,,,,0.086758,,,1.0,,,,,,0.24527,,0.99979
POLE,0.13795,,,0.63308,0.3854,,0.84541,0.53737,0.00050819,,0.034192,1.0,0.99665,0.50215,0.92671,,0.99928,0.38396,,0.99919
IPO13,0.013858,,,0.30438,,,,,0.94917,,,1.0,,,,,,0.30011,,0.99885
RPS19BP1,0.57448,,,0.58064,,,,,0.35222,,,0.99993,,,,,,0.99776,,0.93225
PI4KA,0.57813,,,0.095318,,,,,0.5246,,,0.99998,,,,,,0.29083,,0.96558
WWTR1,0.064164,,,0.80988,,,,,0.89338,,,0.99998,,,,,,0.72397,,0.99993
SLMAP,0.9286,,,0.40006,,,,,0.13359,,,0.99994,,,,,,0.21858,,0.99994
CHMP4B,0.76259,,,0.65891,,,,,0.0052341,,,0.99978,,,,,,0.25568,,0.99921
PRKAR1A,0.011184,,,0.30729,,,,,0.61534,,,0.79668,,,,,,0.7486,,0.99994
MRPL35,0.42686,0.65361,,0.35834,,,,,0.03037,0.59782,,0.98295,,,,0.74519,,0.99961,0.76415,0.99903
RIOK2,0.30936,,,0.038436,,,,,0.030039,,,1.0,,,,,,0.29544,,0.99796
ACTR1A,,0.99331,,0.53423,,,,,0.00031402,0.97447,,0.83861,,,,0.97668,,0.55395,0.72234,0.9967
POLR2G,0.99308,,,0.75524,,,,,0.038159,,,0.99998,,,,,,0.92976,,1.0
POLD1,0.11743,,,0.1735,0.1049,,0.54027,0.11977,0.22283,,3.4743e-05,0.011715,0.12729,0.63433,0.40136,,0.30397,0.48801,,0.99643
GUK1,0.15296,,,0.12734,,,,,0.00056084,,,0.99672,,,,,,0.93143,,0.99999
EXOSC4,0.71233,0.90758,,0.63476,,,,,0.15929,0.91445,,0.99998,,,,0.13163,,0.55735,0.22411,0.9983
SLU7,0.78903,1.0,,0.70706,,,,,0.43075,0.99999,,0.99998,,,,0.72842,,0.9804,0.24606,0.95536
LSM3,0.12724,,,0.25228,,,,,0.010938,,,0.99998,,,,,,0.12568,,0.99795
SEC13,0.010565,,,0.99529,,,,,0.33639,,,0.93201,,,,,,0.43063,,0.99992
CPSF1,0.026594,,,0.14848,,,,,0.071352,,,1.0,,,,,,0.4394,,0.82305
WDR70,0.19601,,,0.22083,,,,,0.9628,,,0.99998,,,,,,0.46861,,0.99998
NCAPG,0.027558,0.86751,,0.57782,,,,,0.027138,0.8123,,1.0,,,,0.58924,,0.67869,0.031587,0.99306
THG1L,0.082069,0.44263,,0.64146,,,,,0.00024655,0.88906,,0.99998,,,,0.24549,,0.4271,0.58027,0.99999
DYNLRB1,0.95741,0.41399,,0.10144,,,,,0.0048057,0.24126,,1.0,,,,0.12486,,0.6185,0.20498,0.99998
MATR3,0.86463,0.99998,,0.80625,,,,,0.0036319,0.99953,,0.99808,,,,0.31674,,0.80886,0.39435,0.99696
ANAPC2,0.52222,,,0.11112,,,,,0.0012958,,,0.99997,,,,,,0.82357,,0.76786
RACK1,0.87647,,,0.083549,,,,,2.4683e-06,,,0.99998,,,,,,0.18526,,0.99995
ACTR10,0.5289,,,0.47633,,,,,0.41656,,,1.0,,,,,,0.96563,,0.99519
RRP9,0.80475,,,0.059715,,,,,0.030779,,,0.99993,,,,,,0.97203,,0.99891
DNAJC9,0.51945,1.0,,0.99313,,,,,0.21386,1.0,,1.0,,,,0.077362,,0.96352,0.043865,0.99998
DDX42,,,,0.42481,,,,,0.0060201,,,0.99675,,,,,,0.76076,,0.99995
PAK1IP1,0.34642,0.91287,,0.41378,,,,,1.5632e-05,0.58007,,0.99998,,,,0.36858,,0.79437,0.095658,0.99992
SSU72,0.34131,,,0.094588,,,,,0.51692,,,1.0,,,,,,0.12158,,0.73948
SYS1,0.10761,0.99973,,0.19895,,,,,0.80731,0.99935,,1.0,,,,0.75573,,0.86747,0.17626,0.99913
TRIM43,0.66506,,,0.38401,,,,,0.35757,,,0.99922,,,,,,0.96681,,0.98161
YKT6,0.33975,,,0.30844,,,,,0.1185,,,0.99999,,,,,,0.77797,,0.99989
SOD1,,0.99976,,0.0035531,,,,,0.010216,0.99997,,0.99883,,,,0.83065,,,0.27299,0.99999
THOC7,0.40397,,,0.42771,,,,,0.023468,,,1.0,,,,,,0.31506,,0.99962
HAUS4,0.75733,,,0.10864,,,,,6.6094e-05,,,0.99932,,,,,,0.5044,,0.99974
ALG6,0.075653,,,0.27081,,,,,0.71009,,,0.99157,,,,,,0.24481,,0.99712
EXOSC6,0.95724,,,0.63605,,,,,0.021924,,,0.99994,,,,,,0.58252,,0.99984
CSE1L,0.99751,0.99953,,0.40275,,,,,0.37051,0.99982,,1.0,,,,0.71635,,0.28436,0.073191,0.99999
TIMM23,0.15896,,,0.17207,,,,,0.017667,,,0.99999,,,,,,0.62889,,0.99994
GGPS1,0.70975,,,0.31153,,,,,0.0013468,,,1.0,,,,,,,,0.99942
NR2C2AP,0.0019694,,,0.82302,,,,,0.53445,,,0.9998,,,,,,0.94109,,0.99995
EIF3B,0.0056982,,,0.059178,,,,,0.20044,,,0.99999,,,,,,0.82697,,0.31253
SMC3,0.15925,,,0.19049,,,,,0.076959,,,0.99999,,,,,,0.93783,,0.99945
RAN,0.52608,0.99832,,0.99651,,,,,0.71871,0.97693,,1.0,,,,0.17211,,,0.18513,0.99992
CTR9,0.91452,,,0.096066,,,,,0.68488,,,0.99999,,,,,,0.82792,,0.9992
PTPN1,0.23924,,,0.39984,,,,,0.60465,,,0.98234,,,,,,0.025668,,0.99674
CRKL,0.33587,,,0.41734,,,,,0.54998,,,0.99894,,,,,,0.15981,,0.99993
TSG101,0.40528,,,0.69147,,,,,0.70595,,,0.98865,,,,,,0.18523,,0.99985
SGF29,0.64616,,,0.98608,,,,,0.069586,,,0.99989,,,,,,0.78939,,0.99798
IPO7,0.94595,,,0.89156,,,,,0.087826,,,0.9999,,,,,,0.29357,,0.99587
RTF1,0.27556,,,0.031245,,,,,0.37827,,,0.99983,,,,,,0.96727,,0.99271
DOCK7,0.79943,,,0.38955,,,,,0.15125,,,0.99786,,,,,,0.0058691,,0.9999
NHLRC2,0.092228,,,0.34022,,,,,0.026327,,,0.904,,,,,,0.45184,,0.9997
GGNBP2,0.1516,,,0.32362,,,,,0.20521,,,0.99955,,,,,,0.0015606,,0.99988
PPA1,0.39002,,,0.7508,,,,,0.095868,,,0.98991,,,,,,0.58631,,0.99987
YJU2B,0.050691,,,0.46668,,,,,0.6753,,,0.22391,,,,,,0.98047,,0.98774
NOL9,0.38922,0.7999,,0.061845,,,,,0.1337,0.86143,,0.99999,,,,0.28696,,0.34448,0.58308,0.99581
SPCS2,0.90482,,,0.85856,,,,,0.78414,,,0.99972,,,,,,0.89791,,0.98755
RPS23,0.76454,,,0.1505,,,,,0.40502,,,0.99995,,,,,,0.20037,,0.99938
FOXM1,0.76469,0.92321,,0.8666,,,,,3.8121e-05,0.9974,,0.99755,,,,0.19077,,1.0,0.94932,0.94539
PMPCA,0.8299,,,0.46628,,,,,0.039439,,,1.0,,,,,,0.48312,,0.99996
WDR43,0.61463,,,0.013974,0.34124,,0.95225,0.54776,0.21474,,0.37839,1.0,0.94415,0.80014,0.69281,,0.9806,0.91082,,0.99998
DNM1L,0.62335,0.99918,,0.060702,,,,,0.93795,0.97801,,0.98719,,,,0.93978,,0.91033,0.14029,0.38057
DOHH,0.95153,,,0.050618,,,,,0.0080418,,,0.99998,,,,,,0.87362,,0.99942
RNF113A,0.41877,0.99985,,0.52961,,,,,0.73234,0.99841,,0.99974,,,,0.91125,,0.98385,0.91564,0.63934
EXOSC5,0.028398,,,0.028919,,,,,0.041563,,,1.0,,,,,,0.11379,,0.99978
VPS25,0.98859,1.0,,0.018878,,,,,0.015142,1.0,,0.97832,,,,0.75461,,0.57758,0.85199,0.99994
CDK1,0.70975,1.0,0.42863,0.069607,0.46564,0.89845,0.4156,0.97691,0.46312,1.0,0.31512,0.99998,0.17275,0.40289,0.90138,0.4378,0.77767,0.0024085,0.0021727,0.99995
SLC25A28,0.79437,,,0.13815,,,,,0.0062746,,,0.99996,,,,,,0.88042,,0.99992
DGCR8,0.022496,,,0.59406,,,,,0.034752,,,0.99996,,,,,,0.72077,,0.99899
GTF3C5,0.14831,,,0.24427,,,,,0.0789,,,0.9996,,,,,,0.01825,,0.96507
RPN1,0.30088,,,0.16481,,,,,0.84881,,,1.0,,,,,,0.84318,,0.99998
ERCC6L,0.51629,,,0.40823,0.32161,,0.83849,0.92667,0.0058127,,0.89056,0.95188,0.27863,0.41055,0.71302,,0.95052,1.9345e-06,,0.99999
HAUS3,,,,0.6155,,,,,0.001083,,,0.99605,,,,,,0.087249,,0.81782
UQCRH,0.10898,,,0.84523,,,,,0.38873,,,0.99994,,,,,,0.69054,,0.98376
TUBG1,0.36756,,,0.010681,,,,,0.0043137,,,0.99335,,,,,,0.89712,,0.99998
CDC123,0.064334,,,0.53671,,,,,0.001535,,,1.0,,,,,,0.14489,,0.99998
SCAP,0.17899,,,0.10378,,,,,0.0018284,,,0.99878,,,,,,0.62208,,1.0
QARS1,0.36663,0.99972,,0.56398,,,,,0.089123,0.97318,,0.99998,,,,0.029524,,0.13741,8.4651e-05,0.99835
VPS29,0.67195,,,0.33771,,,,,0.0012498,,,0.99994,,,,,,0.70726,,0.99967
KRR1,0.48175,,,0.58269,,,,,0.22512,,,0.99998,,,,,,0.57629,,0.99994
HDAC3,0.11703,,0.66791,0.58776,,0.11941,,,0.051918,,,0.99998,,,,,,,,0.99991
MDN1,0.59021,,,0.19589,,,,,0.0050333,,,0.99766,,,,,,0.05557,,0.99998
PCBP1,0.096865,,,0.17989,,,,,5.7593e-06,,,0.99992,,,,,,0.34503,,0.99989
NUF2,0.41726,,,0.090211,,,,,0.24505,,,0.99998,,,,,,0.27511,,0.99976
GEMIN5,0.92289,0.95166,,0.017583,,,,,0.001309,0.96372,,1.0,,,,0.74453,,0.66554,0.74629,0.99999
TEDC1,0.082311,,,0.024557,,,,,0.5661,,,0.94306,,,,,,0.70031,,0.99864
ILF3,0.00042873,,,0.2675,,,,,0.27348,,,0.99988,,,,,,0.598,,0.37581
SF3A1,0.1568,,,0.69803,,,,,0.050231,,,0.99998,,,,,,0.66344,,0.89138
NSMCE1,0.99346,0.99858,,0.95865,0.97274,,0.89724,0.94517,0.0019261,0.98057,0.068746,0.99951,0.99865,0.85992,0.91711,0.9999,0.97946,0.052484,0.93613,0.99966
SYNCRIP,0.4461,,,0.69817,,,,,0.061275,,,0.64043,,,,,,0.99993,,0.99152
EIF2B1,0.55224,,,0.86908,,,,,0.12553,,,0.99996,,,,,,0.0032177,,1.0
SPC25,0.55688,0.99168,,0.15534,,,,,0.0098919,0.99437,,0.99999,,,,0.25199,,0.15676,0.39771,0.99483
ANAPC1,0.47061,,,0.78711,,,,,0.0036829,,,0.5466,,,,,,0.85768,,0.9993
MRPS11,0.85041,,,0.0037573,,,,,0.10777,,,0.96529,,,,,,0.97791,,0.78664
XPOT,0.3446,,,0.10538,,,,,0.082096,,,0.99973,,,,,,0.4102,,0.99979
SRP19,0.97019,,,0.034704,,,,,0.012836,,,0.99988,,,,,,0.1814,,0.96976
HYPK,0.13891,,,0.034706,,,,,0.014867,,,0.99998,,,,,,0.77627,,0.99994
POLR3C,0.86219,,,0.00079297,0.54518,,0.90092,0.8381,0.17723,,0.95391,1.0,0.99008,0.68004,0.99753,,0.99615,0.078021,,0.99998
GPN1,0.011017,0.71443,,0.43341,,,,,0.89843,0.65569,,0.99999,,,,0.92743,,0.55851,0.59429,0.99284
CDIPT,0.4445,,,0.056375,,,,,0.0010161,,,0.99998,,,,,,0.0017182,,0.99999
BCAS2,0.84213,,,0.24364,0.71324,,0.92494,0.67077,0.20356,,0.27304,0.99998,0.99074,0.12031,0.99705,,0.98638,0.53395,,0.99974
THOC5,0.1493,,,0.23967,,,,,0.031452,,,0.99977,,,,,,0.96449,,0.99307
TUT1,0.65179,,,0.88349,,,,,0.12062,,,0.99998,,,,,,0.68929,,1.0
RPL27,0.97415,,,0.024089,,,,,0.058594,,,0.99852,,,,,,0.9975,,0.99988
POLD2,0.00083795,1.0,,0.40907,0.072836,,0.99993,0.71986,0.021267,1.0,2.4816e-05,0.99882,0.67577,0.99621,0.99999,0.29007,0.99986,0.51942,0.09463,0.99997
RPF1,0.76179,,,0.60768,,,,,0.60787,,,0.9999,,,,,,0.47557,,0.99744
WDR12,0.8449,,,0.87459,,,,,0.10244,,,0.99998,,,,,,0.27586,,0.68896
SRP14,0.017172,,,0.95777,,,,,0.069251,,,1.0,,,,,,0.98006,,0.49915
THOC3,0.76469,,,0.0057528,,,,,0.028028,,,0.9993,,,,,,0.98486,,0.99999
TAF8,0.060294,,,0.31122,,,,,0.17726,,,0.99994,,,,,,0.22513,,0.99938
WDR1,0.34456,,,0.083789,,,,,0.00034583,,,0.99838,,,,,,0.77472,,0.9998
SKP1,0.16185,,,0.79566,,,,,0.021347,,,0.99759,,,,,,0.13218,,0.99833
TBCB,0.25978,0.95359,,0.23846,,,,,0.53398,0.99859,,0.99998,,,,0.059271,,0.66398,0.52207,0.99974
MEN1,0.87976,,,0.66088,,,,,0.05123,,,0.99755,,,,,,0.56875,,0.99995
STN1,0.53333,,,0.20973,,,,,0.034118,,,0.91761,,,,,,0.6498,,0.80361
MAD2L1,0.14955,,,0.9606,,,,,0.00013795,,,0.83576,,,,,,,,0.99999
GEMIN2,0.85562,,,0.60957,,,,,0.36104,,,0.78852,,,,,,0.65912,,0.43341
SEPTIN2,0.55528,,,0.76625,,,,,0.072832,,,0.16486,,,,,,0.88471,,0.28248
LIMS1,0.18346,,,0.43214,,,,,0.89817,,,0.99994,,,,,,0.26547,,0.99995
IGBP1,0.58102,,,0.043243,,,,,0.25625,,,0.99998,,,,,,0.99245,,0.99998
GPX4,0.84436,,,0.0064286,,,,,0.77195,,,0.89996,,,,,,0.91591,,0.9989
EXOC5,0.62114,,,0.55529,,,,,0.10312,,,0.99994,,,,,,0.16238,,0.99879
HMGCS1,0.51707,0.99896,,0.5823,,,,,0.00076872,0.97591,,0.99983,,,,0.0064012,,0.92693,0.0078819,0.92838
IMP4,0.11666,,,0.081047,,,,,0.00085758,,,1.0,,,,,,0.58211,,0.9973
JTB,0.15834,0.66292,,0.1605,,,,,0.21987,0.77222,,0.9496,,,,0.50103,,0.9812,0.88617,0.99981
NAA15,0.9178,,,0.75991,,,,,0.00013137,,,0.62533,,,,,,0.5801,,0.99748
MRPS22,0.058505,,,0.20374,,,,,0.45291,,,0.82112,,,,,,0.1388,,0.99956
SNRPD1,0.70832,,,0.53372,,,,,0.11142,,,1.0,,,,,,0.29566,,0.99994
CHMP5,0.47992,,,0.56113,,,,,0.06145,,,0.99998,,,,,,0.86651,,0.99952
ILK,0.81139,,,0.014329,,,,,0.37409,,,0.99975,,,,,,0.57334,,0.99546
NUDCD3,0.40522,,,0.3426,,,,,0.055844,,,0.99994,,,,,,0.088383,,0.99999
SMG8,0.37557,,,0.43195,,,,,0.0075934,,,0.9983,,,,,,0.058783,,0.99409
PCF11,0.33235,,,0.027651,,,,,0.13199,,,0.99999,,,,,,0.7944,,0.99712
TBL3,0.89885,,,0.24745,,,,,0.0035699,,,0.99997,,,,,,0.44868,,0.93763
SLC7A6OS,0.8608,,,0.3914,,,,,0.099102,,,0.99988,,,,,,0.52884,,0.99625
UTP14A,0.38067,,,0.20629,,,,,0.035903,,,0.99998,,,,,,0.6742,,0.96406
KAT8,0.92998,,0.29444,0.89038,,4.9783e-06,,,0.93234,,,0.99985,,,,,,0.399,,0.99966
RPP40,0.62752,,,0.8947,,,,,0.088416,,,0.99991,,,,,,0.4735,,0.99941
PDRG1,0.75769,,,0.91454,,,,,2.9893e-05,,,0.99998,,,,,,0.71519,,0.99907
GTF2B,0.38117,,,0.88669,0.63483,,0.95221,0.52305,0.077717,,0.01414,0.99998,0.98196,0.83336,0.95755,,0.87241,0.87968,,0.99948
KTI12,0.016272,,,0.38528,,,,,0.11634,,,0.99998,,,,,,0.39646,,0.99982
POLR2I,0.081007,,,0.88956,,,,,0.0010918,,,0.99998,,,,,,0.038009,,0.79544
SNRPD2,0.91595,0.99999,,0.032353,,,,,0.12223,0.99995,,0.99975,,,,0.32809,,0.72159,0.75884,0.99927
SRRT,0.21704,,,0.13857,,,,,0.5934,,,0.99985,,,,,,0.32914,,0.99986
AKIRIN2,0.63174,,,0.75101,,,,,0.08145,,,0.99997,,,,,,0.99845,,0.99981
GET1,0.076176,,,0.38394,,,,,0.5803,,,0.99995,,,,,,0.87349,,0.99993
PSMD8,0.44464,,,0.13273,,,,,0.42011,,,0.99834,,,,,,0.28511,,0.99956
DAD1,,,,0.039357,,,,,0.21955,,,0.99996,,,,,,0.92853,,0.99898
BCLAF1,0.10281,,,0.91441,,,,,0.42353,,,0.59674,,,,,,0.57549,,0.99145
MIS18BP1,0.17888,,,0.25408,,,,,0.22106,,,0.99996,,,,,,0.68661,,0.9999
CCNB1,0.29359,,,0.99525,,,,,0.35028,,,0.99958,,,,,,0.99945,,0.99787
MECR,0.89566,,,0.13242,,,,,0.096422,,,0.99325,,,,,,0.012386,,0.99991
FDXR,0.1407,,,0.67648,,,,,1.9198e-06,,,0.99958,,,,,,0.0011632,,0.99961
PSMD2,0.067007,,,0.26904,,,,,0.052043,,,1.0,,,,,,0.17053,,0.98364
ALYREF,0.12735,,,0.02367,,,,,0.38949,,,0.99992,,,,,,0.92976,,0.9974
MMGT1,0.77949,,,0.1178,,,,,0.045212,,,0.67617,,,,,,0.52963,,0.99991
TBCE,0.50115,,,0.53818,,,,,0.90743,,,0.99998,,,,,,0.2426,,0.99664
TFAM,0.89491,,,0.035344,,,,,0.02869,,,0.7287,,,,,,0.93269,,0.75607
ALG14,0.3176,,,0.76135,,,,,0.32946,,,0.9999,,,,,,0.66774,,0.99936
SMARCA5,0.70574,,,0.001758,,,,,0.24502,,,0.99978,,,,,,0.059995,,0.99897
EXOSC2,0.0037743,,,0.090098,,,,,0.059089,,,0.99989,,,,,,0.53001,,0.99992
AGO2,0.0022076,,,0.4365,,,,,0.1982,,,0.99382,,,,,,0.60754,,0.99893
NOL8,0.99271,,,0.89897,,,,,0.035341,,,0.99998,,,,,,0.92436,,0.99925
TUBGCP4,0.22601,,,0.4072,,,,,0.013502,,,0.99999,,,,,,0.02649,,0.99922
PFDN2,0.9851,,,0.71639,,,,,0.46335,,,0.98624,,,,,,0.69624,,0.99988
PAK2,0.39664,,,0.67499,,,,,0.84286,,,0.99903,,,,,,0.74359,,0.99113
STUB1,0.40806,,,0.38591,,,,,0.66107,,,0.99076,,,,,,0.93615,,0.99978
LAMTOR5,0.35416,,,0.22456,,,,,0.85386,,,0.98635,,,,,,0.30601,,0.20725
TRAPPC3,0.97104,,,0.48198,,,,,0.96434,,,0.99999,,,,,,0.75733,,0.99998
ELAVL1,0.31549,0.95665,,0.042463,,,,,0.97235,0.97024,,0.99496,,,,0.49497,,0.9767,0.98296,0.88703
UBL5,0.11057,0.99999,,0.51182,,,,,0.00063928,0.99558,,1.0,,,,0.16185,,0.61612,0.012067,0.99998
GNA12,0.71857,,,0.95121,,,,,0.18609,,,0.99965,,,,,,0.0028418,,0.99992
RBM8A,0.99388,,,0.034241,,,,,0.08996,,,0.99196,,,,,,0.10835,,0.99997
ELP4,0.8637,,,0.2409,,,,,0.056699,,,1.0,,,,,,0.11082,,0.99996
POLR3B,0.49241,,,0.0014676,,,,,0.076547,,,0.99998,,,,,,0.21124,,0.99998
KRI1,0.51897,,,0.080785,,,,,0.13258,,,0.90366,,,,,,0.19814,,0.24531
C2orf49,0.7012,,,0.65682,,,,,0.69176,,,0.98961,,,,,,0.13031,,0.99776
RPS9,0.85161,0.99234,,0.011824,,,,,0.50191,0.99655,,0.99956,,,,0.014065,,0.35849,0.05349,0.99975
INTS6,0.64025,,,0.14613,,,,,0.63651,,,0.99998,,,,,,0.00087082,,0.99855
SRSF3,0.52976,,,0.086862,,,,,0.65063,,,0.99992,,,,,,0.14379,,0.96033
CTNNBL1,0.65131,,,0.55786,,,,,0.0047135,,,0.9999,,,,,,0.35534,,0.99984
DDX24,0.35619,,,0.089634,,,,,0.23083,,,0.99983,,,,,,0.88641,,0.9976
AIFM1,0.31383,,,0.31093,,,,,1.0147e-05,,,0.99996,,,,,,0.88977,,0.99934
TINF2,0.78836,,,0.6615,,,,,0.21178,,,0.99675,,,,,,0.61697,,0.99987
CCT3,0.48563,0.9888,,0.94728,,,,,0.97177,0.97088,,1.0,,,,0.17378,,0.33127,0.39492,0.99965
HUS1,0.94086,,,0.99946,0.2694,,0.99971,0.96523,0.0030148,,0.97737,0.99964,0.59537,0.99406,0.99986,,0.99428,0.90348,,0.998
SMC1A,0.33827,,,0.40928,,,,,0.0034454,,,0.99999,,,,,,0.97488,,0.99997
MRPL2,0.0013725,,,0.070357,,,,,0.49811,,,0.9345,,,,,,0.3414,,0.87454
LEMD3,0.95236,,,0.47333,,,,,0.23158,,,0.28164,,,,,,0.11001,,0.99994
PRIM1,0.73287,,,0.95004,0.94808,,0.58624,0.14088,0.86774,,0.22477,0.99999,0.94358,0.31,0.67176,,0.81347,0.97355,,0.93136
PGK1,0.34651,,,0.073475,,,,,0.4049,,,0.88304,,,,,,0.050939,,0.99993
MARS1,0.014737,,,0.17416,,,,,0.22,,,1.0,,,,,,0.23157,,0.99998
RBM25,0.77184,,,0.58711,,,,,0.0082815,,,0.99992,,,,,,0.88601,,0.99419
SNRPF,0.93438,,,0.33572,,,,,0.011564,,,0.99873,,,,,,,,0.99983
PPWD1,0.62274,,,0.46857,,,,,0.46307,,,0.99976,,,,,,0.62764,,0.99992
EFTUD2,0.033419,0.89114,,0.6551,,,,,0.30046,0.68358,,0.99998,,,,0.79772,,0.14984,0.51931,0.99964
ORC3,0.1146,,,0.26095,,,,,3.5653e-06,,,0.99401,,,,,,0.92717,,0.99962
RPP38,0.2539,,,0.022929,,,,,0.00025917,,,0.99996,,,,,,0.93963,,0.99366
KIF18A,0.40399,0.99804,,0.90243,,,,,0.0013447,0.99866,,0.9955,,,,0.60121,,0.024228,0.1229,0.99966
SAMM50,0.11784,,,0.035514,,,,,0.0057217,,,1.0,,,,,,0.98023,,0.62246
RACGAP1,0.20568,,,0.37014,,,,,0.12962,,,0.99996,,,,,,0.91072,,0.99998
TAF3,0.46111,,,0.91318,,,,,0.015236,,,0.98998,,,,,,0.88028,,0.56039
ZFC3H1,0.89905,,,0.63297,,,,,0.12429,,,0.9987,,,,,,0.46122,,0.98985
WDR83,0.34931,0.99978,,0.21264,,,,,0.262,0.99954,,0.99859,,,,0.95725,,0.99747,0.84344,0.75478
ARF1,0.057288,0.94602,,0.96082,,,,,0.017444,0.96949,,0.99035,,,,0.83222,,0.62063,0.8306,0.99618
POLR1E,0.24463,0.47748,,0.41427,,,,,0.22088,0.16054,,0.99994,,,,0.88162,,0.49248,0.77429,0.99935
RIOK1,0.90149,,,0.75901,,,,,0.030569,,,0.99998,,,,,,0.53478,,0.99999
TNPO1,0.0084651,0.99555,,0.58334,,,,,0.57592,0.99591,,0.99997,,,,0.61869,,0.21507,0.543,0.99997
NCAPD3,0.083375,,,0.83679,,,,,0.034476,,,0.61201,,,,,,0.99882,,0.77231
TUBGCP5,0.86236,,,0.62643,,,,,0.19062,,,0.99997,,,,,,0.82482,,0.99872
PSMB5,0.66034,,,0.088527,,,,,0.3715,,,1.0,,,,,,0.028556,,0.99927
MED4,0.40699,,,0.56983,,,,,0.0011922,,,0.99992,,,,,,0.52426,,0.9996
RAB21,0.63834,0.85772,,0.54349,,,,,0.84606,0.86494,,0.99883,,,,0.35331,,0.074069,0.64376,0.98878
YJU2,0.16366,,,0.39167,,,,,4.196e-05,,,0.99999,,,,,,0.048076,,1.0
NCBP2,0.57181,,,0.25332,,,,,0.7164,,,0.99516,,,,,,0.88976,,0.96212
CCNL1,0.82854,,,0.59664,,,,,0.00016373,,,0.21392,,,,,,0.8191,,0.92262
CHMP6,0.38914,,,0.22637,,,,,0.52369,,,0.99859,,,,,,0.50634,,0.99998
POLR2J,0.030335,0.99994,,0.28608,,,,,0.034631,0.99986,,0.98479,,,,0.9337,,0.4573,0.1306,0.78806
MRPL13,0.20093,,,0.083649,,,,,0.030525,,,0.90966,,,,,,0.99388,,0.35193
DDX49,0.53717,,,0.26707,,,,,0.0032858,,,0.99968,,,,,,0.95381,,0.98288
SMS,0.045002,,,0.10854,,,,,0.027022,,,0.18445,,,,,,0.54302,,0.99788
XRN2,0.5185,,,0.1278,,,,,0.0061012,,,0.99989,,,,,,0.91583,,0.9999
DHDDS,0.23082,0.99841,,0.91467,,,,,0.27424,0.99942,,1.0,,,,0.40774,,0.42246,0.0012572,0.99927
CLNS1A,0.90074,,,0.0033165,,,,,0.013982,,,0.98051,,,,,,0.57206,,0.99997
BRIX1,0.88234,0.9998,,0.2768,,,,,0.049715,0.9994,,0.99996,,,,0.94206,,0.9309,0.52605,0.85769
SMG1,0.80253,,,0.35966,,,,,0.048655,,,0.981,,,,,,0.18365,,0.99965
ATP5F1A,0.17657,0.99982,,0.24812,,,,,0.43971,0.99992,,0.99592,,,,0.00041672,,0.99609,0.0001599,0.98482
HSPA8,0.00095755,1.0,,0.42403,,,,,0.1674,1.0,,0.99999,,,,0.68296,,0.24352,0.097903,0.94773
SF3B1,0.06583,,,0.0025645,,,,,0.93884,,,0.99983,,,,,,0.22223,,0.97079
YAP1,0.0076294,,,0.16585,,,,,0.1611,,,0.75624,,,,,,0.21659,,0.99413
DPM2,0.19969,,,0.71376,,,,,0.01995,,,0.98599,,,,,,0.75512,,0.63845
PPP2R1A,,0.99999,,0.60598,,,,,0.088289,0.99948,,0.67741,,,,0.4955,,0.22733,0.11924,0.99849
VARS2,0.79706,,,0.17226,,,,,0.024155,,,0.99687,,,,,,0.48203,,0.85784
NDUFA13,0.28873,,,0.053198,,,,,0.77884,,,0.99958,,,,,,0.82537,,0.68749
RAD1,0.70618,,,0.77495,0.73729,,0.8155,0.62263,0.12713,,0.84358,0.99991,0.67779,0.60695,0.97457,,0.62122,0.98025,,0.99903
POP1,0.93146,0.55565,,0.72635,,,,,0.10192,0.83229,,0.99961,,,,0.42766,,0.022676,0.30695,0.99048
RFT1,0.36602,,,0.37492,,,,,0.0010238,,,0.99999,,,,,,0.9526,,0.81875
TEFM,0.74906,,,0.48735,,,,,0.55065,,,0.98281,,,,,,0.97264,,0.99895
SINHCAF,0.016594,,,0.1358,,,,,0.20377,,,0.68929,,,,,,0.9675,,0.99946
PPP1R10,0.45987,,,0.52067,,,,,0.071529,,,0.49675,,,,,,0.8664,,0.99964
PPFIA1,0.54884,,,0.013736,,,,,0.27781,,,0.98312,,,,,,0.0035853,,0.98912
NOC2L,0.85925,,,0.58531,,,,,0.33268,,,0.99998,,,,,,0.47302,,0.99957
WDR55,0.67915,,,0.63361,,,,,0.042517,,,0.99985,,,,,,0.00042532,,0.99868
NUDT4,0.99177,,,0.17844,,,,,0.33208,,,0.9791,,,,,,0.00096313,,0.99935
STRIP1,0.33515,,,0.79793,,,,,0.40562,,,0.94138,,,,,,0.8444,,0.95076
UBE2I,0.82341,,,0.85896,0.72865,,0.96271,0.84519,0.036773,,0.13525,1.0,0.96647,0.57355,0.35927,,0.65708,0.26263,,0.77179
NUS1,0.14595,,,0.096131,,,,,0.70643,,,0.99944,,,,,,0.56505,,0.99951
WDR5,0.091847,,,0.74733,,,,,0.069585,,,0.99998,,,,,,0.79538,,0.99997
SART3,0.32342,,,0.79021,,,,,0.12812,,,0.99997,,,,,,0.082421,,0.99979
NUMA1,0.085749,0.9464,,0.012716,,,,,0.09473,0.94836,,0.97042,,,,0.41951,,0.47741,0.72419,0.99777
PSMD14,0.53647,0.97202,,0.041528,,,,,0.84426,0.94305,,0.99996,,,,0.44258,,0.63467,0.84505,0.26063
VPS45,0.28761,,,0.49616,,,,,0.16634,,,0.99972,,,,,,0.87204,,0.99985
PSMD11,0.82592,,,0.68479,,,,,0.73581,,,0.99998,,,,,,0.2979,,0.99132
PDE7A,0.73596,,,0.083706,,,,,0.35628,,,0.99985,,,,,,0.94562,,0.70495
CDCA5,0.36942,,,0.049935,,,,,0.0021762,,,0.99996,,,,,,0.79745,,0.94153
KDSR,0.7893,0.98351,,0.41015,,,,,0.045994,0.99424,,0.99979,,,,0.99123,,0.52323,0.99996,0.99996
POLR2A,,,0.78908,0.76754,,0.011495,,,0.25667,,,0.9999,,,,,,0.18163,,0.9555
SF3B5,0.078125,1.0,,0.048814,,,,,0.26803,1.0,,0.98935,,,,0.71057,,0.23521,0.93988,0.10319
ACTL6A,0.046206,,,0.0042959,,,,,0.73076,,,0.99955,,,,,,0.16965,,0.99994
CENPC,0.89866,,,0.78819,,,,,0.5587,,,0.9995,,,,,,0.7085,,0.80667
LTV1,0.038774,,,0.04308,,,,,0.32378,,,0.99995,,,,,,0.52617,,0.7301
POLR1H,0.43151,,,0.75232,,,,,0.045298,,,0.99909,,,,,,0.45383,,0.99674
URM1,0.32213,,,0.25514,,,,,0.039023,,,0.99886,,,,,,0.37462,,0.99211
DDX18,0.85641,,,0.12552,,,,,0.020093,,,0.99996,,,,,,0.37383,,0.99999
RRP7A,0.30263,,,0.22959,,,,,0.42931,,,0.99997,,,,,,0.075454,,0.99999
RPP21,0.15739,,,0.68692,,,,,0.068145,,,0.99999,,,,,,0.55343,,0.99986
LAS1L,0.61445,,,0.35567,0.68918,,0.97288,0.97761,0.018121,,0.05875,0.99998,0.95813,0.68303,0.99536,,0.99059,0.23747,,0.99948
COPE,0.6288,0.71236,,0.7446,,,,,4.6623e-06,0.71685,,0.99789,,,,0.46764,,0.041674,0.53725,1.0
SLC35B1,0.60679,,,0.81794,,,,,0.064372,,,1.0,,,,,,0.81951,,0.86475
DSCC1,0.94136,,,0.79597,,,,,0.0014895,,,0.99323,,,,,,0.99928,,0.92782
TGS1,0.11888,,,0.053314,,,,,0.0026989,,,0.99979,,,,,,0.48891,,0.99968
TBL1XR1,0.49248,,,0.31288,,,,,0.66988,,,0.99113,,,,,,0.98381,,0.3087
ZNHIT2,0.94012,,,0.72235,,,,,0.11355,,,0.99994,,,,,,0.070363,,0.99998
TOMM22,0.25862,,,0.82862,,,,,0.47937,,,0.99995,,,,,,0.99326,,0.95479
NAA38,0.3778,,,0.18669,,,,,0.0095425,,,0.99999,,,,,,0.6701,,0.99999
ECT2,0.00070276,,,0.58011,,,,,0.015923,,,0.68475,,,,,,0.71476,,0.98618
CDAN1,0.51349,,,0.21187,,,,,0.25649,,,0.9964,,,,,,0.026764,,0.82912
DDX41,0.90977,,,0.37582,,,,,0.16627,,,0.99998,,,,,,0.04269,,0.9999
PPP1R8,0.49799,0.9696,,0.33998,,,,,0.069816,0.99678,,0.99985,,,,0.66065,,0.99608,0.9999,0.99676
CTU2,0.44647,,,0.53232,,,,,0.0011395,,,0.99985,,,,,,,,0.99994
RBSN,0.93731,,,0.23861,,,,,0.36305,,,0.9995,,,,,,0.63337,,0.99488
STK11,0.87281,,,0.087824,,,,,0.0067364,,,0.99998,,,,,,0.10527,,0.99481
PCSK7,0.0048772,,,0.0038512,,,,,0.25719,,,0.41494,,,,,,0.2513,,0.96476
MAX,0.0093256,0.79919,,0.34776,,,,,0.15279,0.82315,,0.15499,,,,0.05976,,0.64825,0.33185,0.99278
ZNHIT6,0.74922,0.77771,,0.29846,,,,,0.6183,0.69547,,0.99998,,,,0.37835,,0.65786,0.22058,0.69145
TTI2,0.42026,0.85634,,0.87067,,,,,0.048855,0.47304,,0.99354,,,,0.57933,,0.11789,0.89834,0.85105
MED14,0.79531,,,0.15666,,,,,0.48674,,,0.99997,,,,,,0.47535,,0.85509
FAM50A,0.32546,,,0.019112,,,,,0.058313,,,1.0,,,,,,0.91127,,0.99848
HNRNPD,0.61446,,,0.92487,,,,,0.59129,,,0.9792,,,,,,0.64726,,0.99557
IQGAP3,0.92388,,,0.74615,,,,,0.8812,,,0.95717,,,,,,0.19189,,0.4275
CDIN1,0.29656,,,0.77613,,,,,0.096038,,,0.70292,,,,,,0.95693,,0.99703
RANGAP1,0.089969,,,0.98831,,,,,0.33084,,,0.99997,,,,,,0.37976,,0.99957
SNRNP27,0.45848,0.60097,,0.066532,,,,,0.25576,0.64554,,0.99997,,,,0.68364,,0.13201,0.85018,0.82634
HSD17B10,0.0059535,0.99951,,0.037728,,,,,0.02658,0.99819,,0.83341,,,,0.14872,,0.98426,0.80109,0.97934
AAAS,0.0040228,0.8236,,0.98123,,,,,0.6454,0.83299,,0.99817,,,,0.68587,,0.29289,0.70859,0.99524
NUDC,0.076627,,,0.71278,,,,,0.058045,,,0.99996,,,,,,0.1023,,0.99999
PDCL,0.64369,,,0.58694,,,,,0.39464,,,0.99996,,,,,,0.066327,,0.99878
RNPS1,0.46051,,,0.74508,,,,,0.022705,,,0.97428,,,,,,0.048243,,0.99546
BRD4,0.90027,,0.35793,0.18573,,0.34807,,,0.047938,,,0.88971,,,,,,0.11467,,0.99994
CTDNEP1,0.99006,,,0.1156,,,,,0.0056915,,,0.99995,,,,,,0.0028905,,0.99975
AQR,0.80503,,,0.56068,,,,,0.23672,,,0.99995,,,,,,0.93087,,0.99732
INTS1,0.0097291,0.99997,,0.27447,,,,,0.49951,0.99999,,0.99998,,,,0.5351,,0.019561,0.58772,0.99988
DDX47,0.94136,,,0.026135,,,,,0.82611,,,0.61926,,,,,,0.4741,,0.99882
RICTOR,0.79091,,,0.036001,,,,,0.55593,,,0.9983,,,,,,0.54587,,0.99881
NUP188,0.12915,,,0.76258,,,,,0.93665,,,0.99955,,,,,,0.12369,,0.98939
SAE1,0.85359,,,0.19056,,,,,0.010429,,,0.99987,,,,,,0.88658,,0.9991
NUP50,0.42897,,,0.90728,,,,,0.91822,,,0.99998,,,,,,0.035941,,0.55326
ATP6V0B,0.57335,0.99946,,0.63535,,,,,0.10638,0.99685,,0.99998,,,,0.54369,,0.53146,0.83189,0.98953
ELP2,0.78891,,,0.6721,,,,,0.051944,,,0.99998,,,,,,0.0039572,,0.9054
CSTF3,0.43832,,,0.52707,,,,,0.026894,,,0.99996,,,,,,0.37531,,0.97738
CDS2,0.085962,0.7987,,0.08031,,,,,0.016323,0.91635,,0.99998,,,,0.34534,,0.49809,0.22658,0.99977
NUDT21,0.61005,,,0.080247,,,,,0.12754,,,0.99998,,,,,,0.34354,,0.99991
ELL,0.9316,,,0.0081528,,,,,0.077251,,,0.99999,,,,,,0.7178,,0.99964
PPP6C,,0.99993,,0.273,,,,,2.7425e-07,0.99977,,0.99968,,,,0.44395,,0.091815,0.62056,0.99998
MGRN1,0.78611,,,0.34853,,,,,0.0022689,,,0.90466,,,,,,0.51634,,0.94235
ICMT,0.9519,0.99664,,0.45822,,,,,0.84461,0.95566,,0.95848,,,,0.99783,,0.50825,0.089676,0.99995
GAPDH,0.5198,,,0.45846,,,,,0.02832,,,1.0,,,,,,0.18149,,0.96444
SENP6,0.18915,,,0.16154,,,,,0.26321,,,0.99788,,,,,,0.54399,,0.99572
DDX56,0.86167,,,0.74503,,,,,0.078143,,,0.99999,,,,,,0.37307,,0.99995
DDX55,0.16732,,,0.35713,,,,,0.095684,,,0.99988,,,,,,0.27163,,0.99941
RPL4,0.51008,,,0.37386,,,,,0.23871,,,0.99929,,,,,,0.66011,,0.90483
UBIAD1,0.43648,,,0.85863,,,,,0.7659,,,0.96805,,,,,,0.72944,,0.86323
GFM1,0.35865,,,0.066284,,,,,0.00047034,,,0.97582,,,,,,0.93903,,0.95798
MGAT1,0.67025,,,0.026412,,,,,0.95412,,,0.67681,,,,,,0.959,,0.97556
CDK12,0.95113,,,0.13976,,,,,0.2909,,,0.98874,,,,,,0.19024,,0.97264
OSBP,0.6715,,,0.26706,,,,,0.4668,,,0.99994,,,,,,0.27313,,0.98939
PRMT1,0.10853,0.99325,0.12349,0.41272,,0.043336,,,0.04145,0.97239,,1.0,,,,0.496,,0.15185,0.45324,0.99611
DCTN4,0.59465,,,0.23795,,,,,0.80739,,,0.99907,,,,,,0.39582,,0.74427
RPA2,0.98945,,,0.2154,0.59202,,0.97444,0.87734,0.82578,,0.14229,1.0,0.9934,0.97296,0.93399,,0.9796,0.1274,,0.99997
CDH2,0.91528,,,0.36017,,,,,0.70348,,,0.99972,,,,,,0.44299,,0.99509
MRPL3,0.0029475,0.52933,,0.049826,,,,,0.40588,0.39918,,0.62278,,,,0.77854,,0.3629,0.25742,0.97739
C18orf21,0.63612,,,0.07694,,,,,0.014028,,,0.99995,,,,,,0.85337,,0.99998
MCMBP,0.98164,0.99889,,0.0083603,,,,,0.00050928,0.99725,,0.99998,,,,0.99976,,0.99206,0.22504,0.98624
POLR3K,0.89332,,,0.076337,,,,,0.1673,,,0.99998,,,,,,0.6004,,0.99991
PELP1,0.16908,,,0.78498,,,,,0.0025952,,,0.7831,,,,,,0.14199,,0.83216
UBE3D,0.62789,,,0.6488,,,,,0.008875,,,0.8727,,,,,,0.7027,,0.73111
DPH2,0.04545,,,0.49431,,,,,0.29937,,,0.84198,,,,,,0.81466,,0.98925
LSM6,,,,0.022609,,,,,0.13485,,,0.9997,,,,,,,,0.99996
CDK9,0.92666,,0.41141,0.28746,,0.3104,,,0.44914,,,0.99999,,,,,,,,0.99999
DNTTIP2,0.85178,,,0.30035,,,,,0.72047,,,0.99997,,,,,,0.019775,,0.99977
EIF4A1,0.0062848,,,0.14507,,,,,2.7425e-07,,,0.99996,,,,,,0.93491,,0.9957
GET3,0.61416,,,0.15308,,,,,0.86117,,,0.99989,,,,,,0.99526,,0.8606
MPHOSPH10,0.24337,,,0.0031584,,,,,0.14846,,,0.99998,,,,,,0.46366,,0.63786
GNB1,0.72245,0.10303,,0.55857,,,,,0.28454,0.25134,,0.99998,,,,0.081229,,0.031245,0.50059,0.99996
GTF2A2,0.0016502,0.99996,,0.2083,,,,,0.16695,0.99385,,0.99972,,,,0.86937,,0.29763,0.067981,0.99986
TPX2,0.090088,,,0.00087421,,,,,0.085841,,,0.99998,,,,,,0.12671,,0.99921
TOP3A,0.52704,,,0.1649,0.94948,,0.46523,0.85445,0.0071681,,0.12927,0.99983,0.95892,0.00055092,0.82907,,0.98626,0.019955,,0.94562
PSMC1,0.11402,,,0.31583,,,,,0.083495,,,1.0,,,,,,0.20506,,0.21675
PFDN6,0.99766,,,0.88354,,,,,0.84998,,,0.99978,,,,,,0.0064528,,0.85494
NOLC1,0.54331,0.98726,,0.38019,,,,,0.076811,0.99718,,0.99995,,,,0.47506,,0.72161,0.9716,0.99743
TRIM37,0.55225,,,0.93368,,,,,0.41069,,,0.99837,,,,,,0.29411,,0.99978
SNIP1,0.50547,,,0.57231,,,,,0.39855,,,0.99598,,,,,,0.12292,,0.99925
CKAP5,0.66374,,,0.081644,0.81415,,0.9965,0.97864,0.43609,,0.8506,0.99998,0.99742,0.17622,0.99936,,0.99993,0.084497,,0.99913
INO80,0.80402,,0.13875,0.059946,0.54967,0.098137,0.97711,0.98193,0.0023232,,0.78915,0.99998,0.8866,0.99054,0.7585,,0.99535,0.26612,,0.9999
EIF1AX,0.045242,,,0.79587,,,,,0.27254,,,0.99986,,,,,,0.89877,,0.99996
DCLRE1B,0.02986,,,0.18128,0.33917,,0.98155,0.51575,0.75925,,0.64428,0.99985,0.8385,0.99945,0.94956,,0.99843,0.9588,,0.90219
RSU1,0.45428,,,0.48722,,,,,0.50078,,,0.90234,,,,,,0.46797,,0.9984
PKN2,0.10125,,,0.81294,,,,,0.20805,,,0.99765,,,,,,0.054722,,0.99988
KANSL2,0.41059,0.98985,,0.81484,,,,,0.13442,0.99938,,1.0,,,,0.05647,,0.99198,0.98581,0.9999
COMMD10,0.93175,,,0.58817,,,,,0.24025,,,0.99797,,,,,,0.35473,,0.99982
ALG8,0.25706,,,0.48951,,,,,0.46625,,,0.99932,,,,,,0.42371,,0.97021
EXOC4,0.086725,,,0.85288,,,,,0.75847,,,0.99972,,,,,,0.0808,,0.99774
UFD1,0.97718,,,0.27986,,,,,0.015532,,,0.98986,,,,,,0.97661,,0.99987
MAP2K5,0.16815,,,0.62725,,,,,0.67185,,,0.99983,,,,,,0.19895,,0.89116
GTF2H3,0.14675,,,0.006585,0.99499,,0.71031,0.56659,0.14356,,0.15404,0.99999,0.99326,0.27948,0.82821,,0.90985,0.3913,,0.99315
NAF1,0.70308,,,0.70193,,,,,0.076364,,,0.99917,,,,,,0.98647,,0.9527
BMS1,0.83648,,,0.72351,,,,,0.0046006,,,0.99998,,,,,,0.80963,,0.62773
WDR36,0.021603,,,0.06572,,,,,0.10213,,,0.99913,,,,,,0.033391,,0.87079
DHPS,0.21624,,,0.026374,,,,,0.029682,,,0.98255,,,,,,0.39204,,0.93508
CDT1,0.84662,,,0.092957,,,,,0.013829,,,0.99998,,,,,,0.99553,,0.99991
COMMD2,0.4773,,,0.43529,,,,,0.43393,,,0.99989,,,,,,0.22685,,0.93698
TAF6,0.26931,0.99896,,0.031561,,,,,0.14043,0.99268,,0.92848,,,,0.97463,,0.45619,0.0098728,0.99752
CEP120,0.27204,0.76969,,0.89631,,,,,0.86739,0.93986,,0.99963,,,,0.14847,,0.99339,0.78714,0.8601
SRFBP1,0.68667,0.38264,,0.74572,,,,,0.014892,0.38044,,0.99992,,,,0.81833,,0.56984,0.60783,0.98551
ABT1,0.37774,,,0.61568,,,,,0.14911,,,0.99999,,,,,,0.50512,,0.99998
RFC5,0.1284,0.91898,,0.46346,0.84274,,0.93848,0.69858,0.040284,0.97642,0.25054,1.0,0.96106,0.95239,0.77926,0.40409,0.84079,0.73351,0.0013199,0.99028
RPL19,0.95412,1.0,,0.079168,,,,,0.011988,1.0,,0.44027,,,,0.11443,,0.81267,0.042015,0.92347
RPL7A,0.0070699,0.98478,,0.86094,,,,,0.084495,0.9533,,0.075811,,,,0.18031,,0.54637,0.12655,0.42074
ARIH1,0.25034,,,0.05143,,,,,4.6623e-06,,,0.22241,,,,,,1.0,,0.67897
POLD3,0.12724,,,0.0054767,0.47988,,0.99686,0.68846,0.85173,,0.0073308,0.99998,0.81361,0.65956,0.9992,,0.837,0.95269,,0.99778
MCM4,0.97024,,,0.5964,,,,,0.17528,,,1.0,,,,,,0.32686,,0.99998
BRD8,0.18171,,0.77355,0.11001,,0.025325,,,0.08445,,,0.7617,,,,,,0.60936,,0.78314
URB1,0.14595,,,0.041201,,,,,0.010059,,,1.0,,,,,,0.13354,,0.99964
PFDN1,0.57052,,,0.34657,,,,,0.58535,,,0.99275,,,,,,0.63079,,0.99092
IPO9,0.082742,,,0.96248,,,,,0.1327,,,0.78426,,,,,,0.010923,,0.99899
NOP56,,,,0.18263,,,,,0.03776,,,0.99992,,,,,,0.5464,,0.9963
PMPCB,0.69034,0.99372,,0.13102,,,,,0.57322,0.88207,,0.99998,,,,0.95795,,0.12018,0.069134,0.97195
POLR1A,,0.79171,,0.55135,,,,,0.031341,0.65864,,1.0,,,,0.57645,,0.12298,0.27569,0.99866
NOPCHAP1,0.49444,,,0.34015,,,,,0.2746,,,0.99998,,,,,,0.45624,,0.99737
LYRM4,0.43766,,,0.83358,,,,,0.0027044,,,1.0,,,,,,0.075031,,0.99975
POLR2F,0.64387,,,0.050168,,,,,0.13759,,,1.0,,,,,,0.18762,,0.88046
HINFP,0.10531,0.99963,,0.20218,,,,,0.9459,0.99962,,1.0,,,,0.74755,,0.19127,0.84015,0.99996
ATP6V1B2,,,,0.11844,,,,,0.18458,,,0.99997,,,,,,0.7501,,0.99983
PSMC6,0.21519,,,0.016578,,,,,0.45617,,,1.0,,,,,,0.097914,,0.99999
NELFB,0.010351,,,0.658,0.79604,,0.75447,0.39372,0.12334,,0.0071521,0.99996,0.94268,0.62051,0.18808,,0.94968,0.12468,,0.10206
EXOSC3,0.092134,,,0.69898,,,,,0.011218,,,0.99999,,,,,,0.65616,,0.99435
GEMIN8,0.6186,,,0.023664,,,,,0.032812,,,0.99999,,,,,,0.20681,,0.98467
SRF,0.97576,,,0.78823,,,,,0.23192,,,0.97438,,,,,,0.020675,,0.99839
EIF5B,0.87938,,,0.73328,,,,,0.1885,,,0.99977,,,,,,0.78717,,0.99301
PSENEN,0.36055,,,0.23227,,,,,0.12006,,,0.44533,,,,,,0.32594,,0.99998
RNF8,0.7557,,,0.30464,0.082703,,0.95486,4.9633e-06,0.0014911,,0.10457,0.98221,0.5294,0.98513,0.9745,,0.96837,0.70304,,0.92366
MRPS18B,0.88526,0.62961,,0.43445,,,,,0.037564,0.62864,,0.9155,,,,0.36088,,0.91784,0.68618,0.99459
SRCAP,0.35657,,0.042898,0.81347,,0.99795,,,0.23734,,,0.99995,,,,,,0.77096,,0.99455
EIF3E,0.19313,,,0.031036,,,,,0.077919,,,1.0,,,,,,0.80656,,0.85654
MAPKAP1,0.71092,,,0.96659,,,,,0.41051,,,0.99844,,,,,,0.87693,,0.81314
POLR2D,0.020667,,0.24606,0.22888,,0.0046447,,,9.6262e-05,,,0.99999,,,,,,0.029519,,0.99999
DDX11,0.2596,,,0.6693,0.98105,,0.99964,0.99649,5.4027e-05,,0.012473,0.99997,0.99928,0.8765,0.99993,,0.99993,0.97456,,0.99247
CHCHD4,0.28761,,,0.019952,,,,,0.12866,,,0.99707,,,,,,0.8795,,0.99994
THOC1,0.63154,,,0.0271,,,,,0.20913,,,0.99998,,,,,,0.42028,,0.99892
EXOSC8,0.78585,,,0.69897,,,,,0.042529,,,1.0,,,,,,0.10473,,1.0
DDX54,0.1871,,,0.75995,,,,,0.027315,,,0.99998,,,,,,0.98987,,0.99158
SPTLC1,0.23397,,,0.7601,,,,,0.0032419,,,0.99987,,,,,,0.36893,,0.14518
OXSM,0.26305,,,0.050133,,,,,0.0010134,,,0.79035,,,,,,0.82934,,0.89214
NUP98,0.44772,,,0.48862,,,,,0.64261,,,0.99997,,,,,,0.57279,,0.9777
ZFP36L1,0.79578,0.0024909,,0.39796,,,,,0.93116,0.014253,,0.99863,,,,0.13894,,0.0012478,0.78591,0.98838
TAF12,0.64504,,,0.97943,,,,,0.39875,,,0.9986,,,,,,0.0037245,,0.99993
POT1,0.041704,0.86613,,0.59207,,,,,5.7593e-06,0.78888,,0.99998,,,,0.94543,,0.29647,0.82224,0.99994
CDCA8,0.43439,,,0.1634,,,,,0.14473,,,0.99991,,,,,,0.23132,,0.99767
TSEN2,0.90071,,,0.50838,,,,,0.00093986,,,0.99999,,,,,,0.81985,,0.99078
RPLP0,,,,0.061152,,,,,0.16594,,,0.99994,,,,,,0.64419,,0.92257
QKI,0.85244,,,0.89723,,,,,0.96406,,,0.091081,,,,,,0.00018378,,0.9999
AHCTF1,0.28761,,,0.82599,,,,,0.34058,,,0.99291,,,,,,0.91812,,0.64802
ARPC3,0.23295,0.57219,,0.0018667,,,,,0.12296,0.68058,,0.99996,,,,0.70418,,0.0067176,0.32528,0.99994
ORC1,0.43078,,,0.057415,,,,,0.40653,,,0.99991,,,,,,0.99221,,0.9683
UBA1,0.12529,,,0.37729,,,,,0.12151,,,0.99975,,,,,,0.0042756,,0.048079
LUC7L3,0.094126,,,0.87723,0.25295,,0.91721,0.25071,0.050395,,0.13381,0.99999,0.59343,0.67035,0.65836,,0.87782,0.72651,,0.71119
PSMB2,0.10621,,,0.075362,,,,,0.85952,,,0.99999,,,,,,0.98924,,0.99998
ENO1,0.66562,0.99996,,0.62045,,,,,0.013537,0.99969,,1.0,,,,0.51945,,0.62023,0.94275,0.82985
XRCC6,0.1284,,,0.33562,0.99931,,0.97151,0.85717,0.087707,,0.91854,0.99998,0.98831,0.9564,0.99866,,0.82894,0.19981,,0.99969
MRPS18A,0.48688,,,0.70585,,,,,0.52194,,,0.87417,,,,,,0.67433,,0.80931
PPP4C,0.29359,,,0.0869,0.78074,,0.76091,0.8565,2.7425e-07,,0.43881,0.99975,0.90376,0.4845,0.49704,,0.45407,0.97941,,0.99938
MEGF9,0.7054,0.15448,,0.57228,,,,,0.89453,0.065149,,0.84802,,,,0.29364,,0.89172,0.55792,0.98298
CWC25,0.65646,,,0.45344,,,,,0.0077643,,,0.99998,,,,,,0.91754,,0.99863
PDPR,0.23821,,,0.62554,,,,,0.18458,,,0.99933,,,,,,0.53732,,0.10008
NVL,0.99015,,,0.075044,,,,,0.0248,,,1.0,,,,,,0.6619,,0.61646
CDC40,0.2316,,,0.58877,,,,,0.68605,,,0.99985,,,,,,0.85954,,0.97643
CHTF18,0.28154,,,0.051332,0.99988,,0.88584,0.43058,0.3742,,0.31385,0.55511,0.99772,0.91342,0.2982,,0.93322,0.95192,,0.58939
PRPF8,0.98243,,,0.89759,,,,,0.44784,,,0.99999,,,,,,0.97115,,0.99999
CHAF1B,0.94849,1.0,,0.27881,,,,,0.023383,0.99999,,0.99999,,,,0.70052,,0.61532,0.01124,0.16641
MED11,0.57494,,,0.64816,,,,,0.0027998,,,0.99999,,,,,,0.88036,,0.98783
G3BP1,0.19177,,,0.28502,,,,,0.41026,,,0.28615,,,,,,0.99615,,0.86765
DYNC1I2,0.84445,0.99998,,0.35665,,,,,0.23015,0.99997,,1.0,,,,0.40683,,0.057336,0.54729,0.95454
SF3A2,0.021683,,,0.24657,,,,,0.14034,,,0.9997,,,,,,0.99626,,0.99732
PSMC3,0.042012,,,0.021538,,,,,0.45513,,,0.99994,,,,,,0.91046,,0.99949
EIF5,0.29828,,,0.12731,,,,,0.001094,,,0.99988,,,,,,0.60236,,0.9999
RRS1,0.4994,,,0.7848,,,,,0.16079,,,0.99982,,,,,,0.4912,,0.99915
PSTK,0.58564,0.79009,,0.35314,,,,,0.0002471,0.72133,,0.40526,,,,0.9194,,0.92391,0.9975,0.98474
MRPS2,0.16908,,,0.76618,,,,,0.042588,,,0.55197,,,,,,0.58388,,0.98632
SKA3,0.14675,,,0.23667,,,,,0.00049722,,,0.99989,,,,,,0.7936,,0.99966
UBC,0.17974,,,0.93681,,,,,0.002824,,,0.98482,,,,,,0.64003,,0.9998
VPS52,0.17267,,,0.58982,,,,,0.021426,,,0.99998,,,,,,0.92127,,0.98053
MRPS25,0.10279,,,0.14304,,,,,0.83465,,,0.45033,,,,,,0.1386,,0.99875
ZNF207,0.156,,,0.099206,,,,,0.057359,,,0.99998,,,,,,0.14215,,0.99994
ISG20L2,0.37308,,,0.94667,,,,,0.33817,,,1.0,,,,,,0.14406,,0.5197
EWSR1,0.66328,,,0.58279,,,,,0.75711,,,0.99988,,,,,,0.036862,,0.963
PNKP,0.0012633,,,0.81492,0.81516,,0.86396,0.020692,0.004074,,0.33024,0.59092,0.83831,0.99272,0.47195,,0.82384,0.98923,,0.9679
PYROXD1,0.81012,,,0.80652,,,,,0.008242,,,0.59836,,,,,,0.17333,,0.99998
SNUPN,0.62278,,,0.059928,,,,,0.070295,,,1.0,,,,,,0.36019,,0.70899
BORA,0.63671,,,0.36816,,,,,0.10622,,,0.99968,,,,,,0.49907,,0.99996
PGS1,0.7556,,,0.10061,,,,,0.12135,,,0.98148,,,,,,0.88515,,0.99302
MRPL22,0.31654,,,0.029698,,,,,0.81462,,,0.26535,,,,,,0.98508,,0.98234
SDE2,0.28568,,,0.07109,,,,,0.46618,,,0.99988,,,,,,0.0099941,,0.99704
ZBTB8OS,,0.96757,,0.61754,,,,,0.033673,0.99591,,0.76702,,,,0.099402,,0.22441,0.999,0.97122
NOL11,0.92406,,,0.81323,,,,,0.94245,,,1.0,,,,,,0.57476,,0.99413
ZC3H8,0.42382,,,0.76513,,,,,0.00053397,,,0.99987,,,,,,0.034886,,0.99644
GCN1,0.70319,,,0.022465,,,,,0.023057,,,0.99968,,,,,,0.9334,,0.99947
DNAJA3,0.4852,,,0.025434,,,,,0.15681,,,0.99998,,,,,,0.9484,,0.99934
UTP23,0.14595,0.90476,,0.0063693,,,,,0.0042879,0.87542,,0.99999,,,,0.96198,,0.89145,0.070627,0.14827
SF3A3,0.08209,,,5.2425e-05,,,,,0.11174,,,1.0,,,,,,0.90671,,0.9973
ELP5,0.0365,,,0.25206,,,,,0.15307,,,0.99999,,,,,,0.66557,,0.99852
EIF4A3,0.010064,,,0.00043285,,,,,0.064092,,,0.99999,,,,,,0.96895,,0.99963
INTS4,0.02792,,,0.070933,,,,,0.012213,,,0.99996,,,,,,0.22579,,0.99775
MMS22L,0.5095,,,0.19733,0.74779,,0.9534,0.186,0.0015383,,0.027591,0.99998,0.71816,0.9922,0.70716,,0.74324,0.5206,,0.99966
NONO,0.039175,,,0.74989,0.98638,,0.98199,0.4537,0.41802,,0.13235,0.99995,0.99971,0.99906,0.32032,,0.99987,0.76244,,0.99962
SEC63,0.075653,0.99997,,0.51132,,,,,0.51083,0.99896,,0.99992,,,,0.42703,,0.12863,0.28287,0.94395
CCNH,0.87361,0.98781,,0.02772,0.28255,,0.74255,0.70096,0.19146,0.99757,0.20411,1.0,0.77364,0.50622,0.99988,0.20203,0.99991,0.94369,0.36683,0.94982
MRPL14,0.29406,,,0.34948,,,,,0.083769,,,0.96404,,,,,,0.85211,,0.75543
TRMT5,0.35024,,,0.22237,,,,,0.030201,,,0.9999,,,,,,0.21813,,0.99995
FUBP3,0.60181,,,0.71741,,,,,0.75326,,,0.95699,,,,,,0.10041,,0.97771
WDR75,0.7171,,,0.36081,,,,,0.021033,,,0.99895,,,,,,0.44369,,0.99951
RBM39,0.98401,,,0.75285,,,,,0.2988,,,0.99994,,,,,,0.01373,,0.9994
SCAF1,0.78029,0.6406,,0.42403,,,,,0.35349,0.85644,,0.71776,,,,0.685,,0.95032,0.63418,0.78043
ADO,0.90195,,,0.48754,,,,,0.80137,,,0.99659,,,,,,0.79332,,0.99997
HSPA14,0.26141,,,0.1915,,,,,5.7593e-06,,,0.99979,,,,,,0.99942,,0.99492
SHOC2,0.55707,0.79919,,0.56287,,,,,0.7074,0.84012,,0.99999,,,,0.47542,,0.35068,0.74302,0.67257
ARMH3,0.95141,,,0.77373,,,,,0.30289,,,0.95901,,,,,,0.0062024,,0.98718
SUPV3L1,0.99619,,,0.14504,,,,,0.19385,,,0.96917,,,,,,0.95908,,0.99856
CDK7,0.83426,,,0.3392,0.9551,,0.91343,0.59335,0.42196,,0.17639,0.99999,0.99941,0.20708,0.99919,,0.99598,0.14044,,0.99857
ARCN1,0.38797,,,0.76206,0.027849,,0.98358,0.0024965,0.80712,,0.017724,0.99998,0.96145,0.40721,0.99937,,0.99989,0.67982,,0.99591
NHP2,0.45755,,,0.44034,,,,,0.021114,,,0.99998,,,,,,0.96368,,0.99917
PCBP2,0.075357,,,0.45586,,,,,0.0012942,,,0.69151,,,,,,0.71439,,0.30837
USP39,0.56641,,,0.097417,,,,,0.41429,,,0.99994,,,,,,0.18486,,0.99902
RPL27A,0.4264,,,0.7326,,,,,0.20602,,,0.84624,,,,,,0.010036,,0.92584
MRPL37,0.11333,,,0.00058766,,,,,0.24404,,,0.92559,,,,,,0.56587,,0.98851
RBX1,0.49399,0.22746,,0.091122,0.86628,,0.99991,0.0073903,0.05389,0.40974,0.029884,0.99996,0.95144,0.99154,0.95689,0.02119,0.99692,0.67811,0.89063,0.9733
DCTN3,0.81415,,,0.84939,,,,,0.011459,,,0.99998,,,,,,0.64732,,0.8839
PRPF18,0.48503,,,0.60594,,,,,0.045558,,,0.72323,,,,,,0.60892,,0.77248
TLK2,0.58734,,,0.54692,,,,,0.19576,,,0.94869,,,,,,0.46779,,0.99054
DHX16,0.32184,,,0.12446,,,,,0.87096,,,0.99972,,,,,,0.33603,,0.95544
RBBP7,0.20618,,,0.79043,,,,,0.93281,,,0.9574,,,,,,0.33191,,0.99931
DDX59,0.98688,0.98389,,0.69713,,,,,0.013181,0.8195,,0.99999,,,,0.92114,,0.29983,0.039225,0.73441
RBBP4,0.46831,,,0.70494,,,,,1.6729e-05,,,0.99997,,,,,,0.13975,,0.99991
WDR74,0.57025,,,0.010052,,,,,0.52055,,,1.0,,,,,,0.3895,,0.99707
IER3IP1,0.061409,,,0.65608,,,,,0.66148,,,0.98722,,,,,,0.97293,,0.99878
DKC1,0.089112,0.98985,,2.7448e-07,,,,,0.00064476,0.97877,,1.0,,,,0.0084754,,0.95504,0.020639,0.99913
ANAPC10,0.78832,,,0.14959,,,,,0.0025333,,,0.97052,,,,,,0.99854,,0.96622
POLR1G,,0.99666,,0.21414,,,,,0.21642,0.97221,,0.99986,,,,0.61815,,0.31955,0.78211,0.99572
PHB,0.27728,0.97912,,,,,,,,0.95709,,,,,,0.3728,,0.12234,0.0031007,0.99893
INO80B,0.80008,,,0.98817,,,,,0.084721,,,0.99996,,,,,,0.10838,,0.99418
SMG6,0.92725,,,0.66406,,,,,0.17729,,,0.99892,,,,,,0.062761,,0.94078
MASTL,0.16441,,,0.0090723,,,,,0.0010583,,,0.99997,,,,,,0.028651,,0.75608
INTS11,0.28279,0.55921,,0.023992,,,,,0.097687,0.23136,,1.0,,,,0.10034,,0.48581,0.21672,0.52693
NUP54,0.55994,,,0.081891,,,,,0.055336,,,0.99681,,,,,,0.88896,,0.99072
URI1,0.45428,,,0.3958,,,,,0.018875,,,0.68086,,,,,,0.74152,,0.99886
TUBGCP3,0.040931,,,0.40283,,,,,0.11265,,,0.99999,,,,,,0.18967,,0.99861
RAD51D,0.15606,0.93308,,0.032777,0.72496,,0.70893,0.75342,0.0034986,0.88384,0.48455,0.99962,0.18804,0.55241,0.1808,0.25752,0.43979,0.75486,0.2841,0.86994
NEPRO,0.40623,,,0.36488,,,,,0.014559,,,0.99998,,,,,,0.01583,,0.99994
MRPL50,0.017526,0.87073,,0.0011586,,,,,0.72906,0.58835,,0.97542,,,,0.9172,,0.81725,0.49189,0.97026
VRK1,0.6092,,,0.65556,,,,,0.0038124,,,0.68979,,,,,,0.78372,,0.99928
GPKOW,0.44316,,,0.60338,,,,,0.30316,,,0.96199,,,,,,0.49654,,0.99692
POMP,0.52012,,,0.63121,,,,,0.00028385,,,0.99992,,,,,,0.78348,,0.8025
SPTLC2,0.83917,,,0.63701,,,,,0.0084154,,,0.98774,,,,,,0.14431,,0.99981
PI4KB,0.74453,,,0.71266,,,,,0.14597,,,0.3008,,,,,,0.10947,,0.9959
ARL2,0.43818,,,0.34659,,,,,0.1604,,,1.0,,,,,,0.2123,,0.99988
EXOC3,0.75487,,,0.35335,,,,,0.20395,,,0.99992,,,,,,0.053849,,0.97803
TAF1D,0.050242,,,0.0116,,,,,0.038503,,,0.79954,,,,,,0.33909,,0.96723
KLF16,0.84975,,,0.71126,,,,,0.16621,,,0.9918,,,,,,0.2715,,0.99974
TFB2M,0.43226,,,0.25809,,,,,0.68668,,,0.85755,,,,,,0.8421,,0.78406
SNRPB,0.99856,,,0.55571,,,,,0.37573,,,0.85027,,,,,,0.27452,,0.304
PIK3C3,0.85743,,,0.42844,,,,,0.0048194,,,0.99992,,,,,,0.94645,,0.99605
RSL1D1,0.85218,,,0.14194,,,,,0.38706,,,0.37702,,,,,,0.46594,,0.99078
BAZ1B,0.69438,,0.56175,0.80885,,0.21247,,,0.34336,,,0.99979,,,,,,0.97335,,0.92264
WDR82,0.36027,,,0.48136,,,,,0.23274,,,0.99977,,,,,,0.24347,,0.29983
CMTR1,,,,0.32785,,,,,0.65006,,,0.99973,,,,,,0.051785,,0.50636
TBC1D10B,0.81738,,,0.97028,,,,,0.12071,,,0.89478,,,,,,0.51171,,0.64732
KIF4A,0.39501,0.24342,,0.25762,,,,,0.28454,0.3002,,0.83348,,,,0.061891,,0.60169,0.6737,0.97354
SNRNP48,0.36083,,,0.11734,,,,,0.13373,,,0.41093,,,,,,0.5048,,0.99154
PRKCE,0.31889,,,0.058142,,,,,0.17597,,,0.98196,,,,,,0.032498,,0.99515
GEMIN4,0.076719,,,0.74036,,,,,0.033624,,,0.99664,,,,,,0.9246,,0.99325
NUBP2,0.9759,,,0.8444,,,,,0.0071363,,,0.75345,,,,,,0.13899,,0.41821
PMVK,0.4143,,,0.46351,,,,,0.18127,,,0.65511,,,,,,0.61241,,0.38465
PTGDS,0.91134,,,0.93922,,,,,0.88256,,,0.050041,,,,,,0.149,,0.3187
CRCP,0.57262,,,0.6281,,,,,0.46708,,,0.99307,,,,,,0.48084,,0.80692
POLA2,0.13836,,,0.047399,,,,,0.84586,,,0.99998,,,,,,0.99866,,0.96574
RNF20,0.00055352,,,0.0839,,,,,0.0072054,,,0.99998,,,,,,0.16612,,0.99983
KCMF1,0.72278,,,0.063586,,,,,0.13118,,,0.35947,,,,,,0.27428,,0.8
ZNF236,0.21445,,,0.94149,,,,,0.021461,,,0.98571,,,,,,0.84537,,0.75369
FAM89B,0.25043,,,0.86779,,,,,0.66937,,,0.99932,,,,,,0.056937,,0.99641
AHCYL1,0.079144,,,0.70487,,,,,0.55649,,,0.56817,,,,,,0.67327,,0.95727
NOP2,0.011364,,,0.23691,,,,,0.38651,,,0.99999,,,,,,0.82693,,0.84066
PIK3CB,0.75207,,,0.22522,,,,,0.88001,,,0.99508,,,,,,0.10256,,0.9968
NFYA,0.080702,,,0.61095,,,,,0.90416,,,0.30034,,,,,,0.67814,,0.066814
MRPL11,0.59854,,,0.039455,,,,,0.45296,,,0.96084,,,,,,0.34231,,0.90617
TPR,0.41824,,,0.84456,,,,,0.21665,,,0.99998,,,,,,0.35821,,0.99932
CIAO3,0.052795,,,0.82039,,,,,0.71051,,,0.99997,,,,,,0.37696,,0.9908
CLTC,0.011596,,,0.065598,,,,,0.55213,,,0.99999,,,,,,0.26684,,0.2556
MCPH1,0.27317,,,0.85664,,,,,0.0059877,,,0.861,,,,,,0.44962,,0.13885
FAM98B,0.95648,0.9596,,0.78106,,,,,0.039874,0.98734,,0.97231,,,,0.5228,,0.029807,0.99106,0.82726
YTHDF2,0.97531,,,0.54791,,,,,0.80135,,,0.99983,,,,,,0.57248,,0.89444
CNOT3,0.31112,,,0.47098,,,,,0.023049,,,0.99997,,,,,,0.75214,,0.93659
ALG12,0.0011468,,,0.30243,,,,,0.71362,,,0.99714,,,,,,0.54603,,0.99973
DDX20,0.00070692,,,0.95763,0.028246,,0.95098,0.63883,0.15261,,0.32471,0.97649,0.61397,0.68083,0.95206,,0.99427,0.023739,,0.98607
RBM22,0.3816,,,0.80872,,,,,0.1374,,,0.99983,,,,,,0.56642,,0.99713
SMC4,0.21574,,,0.64144,,,,,0.0010841,,,1.0,,,,,,0.68818,,0.99998
RNPC3,0.40863,,,0.020171,,,,,0.4727,,,0.99972,,,,,,0.62957,,0.99565
MSTO1,0.046419,0.99858,,0.35674,,,,,0.11894,0.99997,,0.99994,,,,0.71744,,0.59704,0.2532,0.99992
RPLP2,0.69263,,,0.87051,,,,,0.050667,,,0.99996,,,,,,0.89811,,0.99946
WEE1,0.8469,,,0.6316,0.98228,,0.9971,0.53632,0.51796,,0.94065,0.99999,0.9997,0.65014,0.99208,,1.0,0.95404,,0.99998
SMG5,0.16821,,,0.0094901,,,,,0.69911,,,0.7972,,,,,,0.2794,,0.75394
PAXBP1,0.20129,,,0.16632,,,,,0.24338,,,0.99996,,,,,,0.1121,,0.99981
BRF1,0.58981,,,0.18733,,,,,0.13144,,,0.99999,,,,,,0.92305,,0.095044
PRPF4,0.068013,,,0.12462,,,,,0.55638,,,1.0,,,,,,0.58839,,0.97568
MRPL34,0.42382,,,0.0074716,,,,,0.049969,,,0.90017,,,,,,0.88025,,0.93899
GOSR2,0.38455,,,0.045974,,,,,0.027701,,,0.99999,,,,,,0.12221,,1.0
FAM120A,0.041176,,,0.72944,,,,,0.84835,,,0.9945,,,,,,0.10613,,0.14663
UXT,0.20683,,,0.85054,,,,,0.13629,,,0.99998,,,,,,0.68243,,0.99998
CENPA,0.35346,,,0.87327,,,,,0.1738,,,0.40706,,,,,,0.91849,,0.62258
UTP11,0.86148,,,0.0011416,,,,,0.14596,,,0.99852,,,,,,0.9518,,0.99868
PSMD7,0.25064,,,0.88942,,,,,0.62595,,,0.99997,,,,,,0.015877,,0.99919
EIF3D,0.57651,,,0.24213,,,,,0.10224,,,1.0,,,,,,0.74038,,0.99935
MVD,0.26773,,,0.035058,,,,,0.0012179,,,0.49819,,,,,,0.57648,,0.97988
COPS6,0.89491,,,0.60537,,,,,0.33001,,,0.70914,,,,,,0.96914,,0.99373
RHEB,0.22065,0.70596,,0.5912,,,,,0.0037175,0.81665,,0.98435,,,,0.20775,,0.3986,0.134,0.99215
VARS1,0.9171,0.85984,,0.46635,,,,,0.97813,0.42415,,1.0,,,,0.60248,,0.74765,0.030396,0.15222
ANKRD52,0.2449,0.42697,,0.044894,,,,,0.014403,0.28617,,0.99391,,,,0.88052,,0.076005,0.033669,0.99975
PRPF19,0.99653,1.0,,0.13942,0.14738,,0.99828,0.79569,0.038082,0.99999,0.0015734,0.99999,0.83462,0.23542,0.46974,0.49652,1.0,0.63368,0.26043,0.50332
TAF5,0.039973,,,0.50743,,,,,0.012763,,,0.39606,,,,,,0.30064,,0.95496
TONSL,0.80538,,,0.46692,0.99992,,0.9997,0.65347,0.0013628,,0.0078668,0.99999,1.0,0.94174,0.97865,,0.99189,0.99745,,0.99629
MRPL44,0.95083,,,0.016344,,,,,0.25829,,,0.60184,,,,,,0.60275,,0.84567
PNN,0.94032,,,0.89559,,,,,0.25314,,,0.99998,,,,,,0.8457,,0.99987
GTF2H1,0.35177,,,0.33339,0.55617,,0.98031,0.9259,0.59193,,0.71852,1.0,0.83248,0.48895,0.41282,,0.96375,0.37756,,0.97405
PRELID3B,0.68056,,,0.36279,,,,,0.0049203,,,0.99964,,,,,,0.76775,,0.99705
PRPF38A,0.79924,,,0.38219,,,,,0.20563,,,1.0,,,,,,0.90174,,0.99525
DNA2,,,,0.63172,0.88575,,0.99433,0.34097,0.22983,,0.081035,0.9835,0.98962,0.15514,0.88823,,0.99502,0.26045,,0.99954
RBM27,0.31878,,,0.77872,,,,,0.30447,,,0.98975,,,,,,0.80278,,0.12085
CCNK,0.22817,,,0.26242,,,,,0.64257,,,0.99922,,,,,,0.011034,,0.99867
POC1A,0.62277,,,0.49733,,,,,0.52451,,,0.98811,,,,,,0.55006,,0.95684
PRPF31,0.40729,,,0.27073,,,,,0.041798,,,0.99995,,,,,,0.98271,,0.98326
WTAP,0.13387,,,0.68925,,,,,0.74215,,,0.62555,,,,,,0.67234,,0.9777
TTF1,0.64646,,,0.49391,,,,,0.014657,,,0.98669,,,,,,0.091341,,0.71657
DCAF13,0.15665,,,0.029214,,,,,0.050336,,,0.69592,,,,,,0.85037,,0.94834
NLE1,0.0038112,,,0.13303,,,,,0.34128,,,1.0,,,,,,0.006093,,0.99992
TEAD3,0.9782,,,0.28665,,,,,0.28403,,,0.99926,,,,,,0.027774,,0.99804
MED8,0.38146,,,0.56665,,,,,0.00069193,,,0.99992,,,,,,0.6122,,0.93156
SDAD1,0.35272,,,0.66456,,,,,0.12325,,,0.99957,,,,,,0.23736,,0.99947
RFC3,0.84233,,,0.48643,0.038609,,1.0,0.9967,0.15185,,0.11437,0.99999,0.9826,0.84017,1.0,,0.99983,0.013718,,0.99818
IWS1,0.12235,,,0.66187,,,,,0.022838,,,0.99916,,,,,,0.041077,,0.99833
AARS1,0.15886,,,0.24803,0.54308,,0.69157,0.9963,0.0039237,,0.0080058,1.0,0.83667,0.43547,0.99004,,0.99329,0.95948,,0.9462
ELOB,0.18488,0.79043,,0.066861,0.93699,,0.7206,0.98538,0.016812,0.98011,0.173,0.99897,0.94608,0.83635,0.034113,0.99915,0.89354,0.98245,0.97566,0.77685
LSM11,0.3881,,,0.43841,,,,,0.10898,,,0.99996,,,,,,0.7414,,0.98899
TRMT6,0.40202,0.46561,,0.1368,,,,,0.021492,0.16459,,0.99026,,,,0.13192,,0.98389,0.16159,0.11734
GTF3C1,0.072766,,,0.95425,,,,,0.067153,,,0.9999,,,,,,0.97203,,0.69313
PAK4,0.42523,,,0.2407,,,,,0.47338,,,0.97192,,,,,,0.37288,,0.9927
UBR4,0.0068588,,,0.72422,,,,,0.43792,,,0.99998,,,,,,0.88462,,0.98117
INTS8,0.26345,0.73104,,0.10865,,,,,0.94287,0.53098,,1.0,,,,0.643,,0.15921,0.39552,0.99997
KARS1,0.25055,,,0.75243,,,,,0.0035546,,,1.0,,,,,,0.7406,,0.6499
FOSL1,0.90977,3.1332e-06,,0.091435,,,,,0.18216,0.26168,,0.99818,,,,0.0023719,,0.85754,0.69865,0.13358
MEAF6,0.87958,,,0.0019507,,,,,0.17177,,,0.99801,,,,,,0.97796,,0.94488
ITGA5,0.82606,,,0.63025,,,,,0.55921,,,0.97244,,,,,,0.20083,,0.48455
RNH1,0.025792,,,0.90435,,,,,0.45626,,,0.29578,,,,,,0.21888,,0.76105
FARSB,0.9572,,,0.18259,,,,,0.0034553,,,0.99997,,,,,,0.99146,,0.84868
SNRPD3,,,,0.075044,,,,,0.45034,,,0.89007,,,,,,0.89737,,0.99585
FEN1,0.22976,,,0.40777,0.35926,,0.52983,0.078038,3.5378e-05,,0.038004,0.65066,0.96914,0.39115,0.76666,,0.98871,0.96222,,0.89193
PNPT1,0.99644,,,0.28934,,,,,0.0016134,,,0.99514,,,,,,0.99122,,0.16582
DSN1,0.73213,,,0.58731,,,,,0.91138,,,0.99934,,,,,,0.16691,,0.66356
MAP3K2,0.86697,,,0.65402,,,,,0.27175,,,0.99884,,,,,,0.10126,,0.99895
AURKA,0.65744,,,0.85753,,,,,0.014616,,,0.99999,,,,,,0.83845,,0.99987
PRELID1,0.061839,0.98362,,0.15172,,,,,0.25376,0.99119,,0.98691,,,,0.9864,,0.76815,0.36519,0.9997
RAB7A,0.69744,0.024944,,0.54729,,,,,0.13482,0.0043332,,0.99977,,,,0.98397,,0.033882,0.47092,0.83174
SUPT6H,0.14936,,,0.27942,,,,,0.3269,,,1.0,,,,,,0.15011,,0.99841
RAD23B,0.070255,,,0.14856,0.0067252,,0.9671,0.30555,0.034269,,0.92001,0.86317,0.0093756,0.92571,0.74597,,0.19832,0.67848,,0.97759
U2AF2,0.32142,,,0.026586,,,,,0.94626,,,0.70799,,,,,,0.8898,,0.33478
RBM17,0.8759,0.99731,,0.53916,,,,,0.25337,0.9988,,0.99999,,,,0.077607,,0.6553,0.78809,0.99975
SNAPC2,0.51985,0.66945,,0.10059,,,,,0.088075,0.32022,,0.99998,,,,0.89152,,0.22639,0.41882,0.99144
C19orf25,0.69796,,,0.44116,,,,,0.097384,,,0.95062,,,,,,0.41825,,0.77442
MRPS30,0.87298,,,0.00024182,,,,,0.2967,,,0.8182,,,,,,0.12119,,0.93558
NDUFAB1,0.34107,,,0.063848,,,,,0.30774,,,0.99999,,,,,,0.13821,,0.99855
NCAPD2,0.099994,,,0.27586,,,,,0.010612,,,0.99995,,,,,,0.83104,,0.99309
UBA52,0.99811,,,0.58434,,,,,0.11862,,,1.0,,,,,,,,0.99975
MAK16,0.1077,1.0,,0.077046,,,,,0.022978,1.0,,0.99998,,,,0.23485,,0.82427,0.0029565,0.99964
ARHGEF7,0.60099,,,0.029489,,,,,0.18144,,,0.99982,,,,,,0.51728,,0.14785
PSMD1,0.017378,,,0.73785,,,,,0.060423,,,0.99998,,,,,,0.22479,,0.14713
TNPO3,0.0076211,,,0.99965,,,,,0.58533,,,0.99985,,,,,,0.0087151,,0.98143
SEM1,0.66546,,,0.96968,0.30189,,0.9919,0.75057,0.69507,,0.0094253,0.99565,0.90675,0.80138,0.9984,,0.97947,0.21595,,0.12367
PPP1CA,0.15246,,,0.91627,,,,,0.34183,,,0.99589,,,,,,0.12969,,0.99958
ERCC3,0.10669,,,0.91128,0.44054,,0.75377,0.90686,0.062278,,0.15545,0.99992,0.63111,0.45804,0.42374,,0.49379,0.82834,,0.90098
